buysmaart_id,product_name,source_product_name,source_product_url,Variants,memory_variants,Color_variant
12,Apple iPhone 4,Apple iPhone 4 8GB Black 3G Cellular Verizon,https://www.walmart.com/ip/Apple-iPhone-4-8GB-Black-3G-Cellular-Verizon/51755604,Carrier,8 GB,
12,Apple iPhone 4,Apple iPhone 4 16GB Black 3G Cellular AT T,https://www.walmart.com/ip/Apple-iPhone-4-16GB-Black-3G-Cellular-AT-T/51755608,Carrier,16 GB,
12,Apple iPhone 4,Refurbished Apple iPhone 4 8GB White 3G Cellular Straight Talk ME640LL A,https://www.walmart.com/ip/Refurbished-Apple-iPhone-4-8GB-White-3G-Cellular-Straight-Talk-ME640LL-A/155594264,Refurbished,8 GB,
12,Apple iPhone 4,Apple iPhone 4 8GB White 3G Cellular Verizon,https://www.walmart.com/ip/Apple-iPhone-4-8GB-White-3G-Cellular-Verizon/51755603,Carrier,8 GB,
13,Apple iPhone 4S,Refurbished Apple iPhone 4s 8GB Unlocked Smartphone w 8MP Camera White,https://www.walmart.com/ip/Refurbished-Apple-iPhone-4s-8GB-Unlocked-Smartphone-w-8MP-Camera-White/196727992,Refurbished,8 GB,
13,Apple iPhone 4S,Refurbished Apple iPhone 4S 16GB Black 3G Cellular AT T MC918LL A,https://www.walmart.com/ip/Refurbished-Apple-iPhone-4S-16GB-Black-3G-Cellular-AT-T-MC918LL-A/115709580,Refurbished,16 GB,
13,Apple iPhone 4S,Apple iPhone 4S 8GB White 3G Cellular Verizon,https://www.walmart.com/ip/Apple-iPhone-4S-8GB-White-3G-Cellular-Verizon/51755611,Carrier,8 GB,
14,Apple iPhone 5,Refurbished Apple iPhone 5 16GB GSM Smartphone Unlocked,https://www.walmart.com/ip/Refurbished-Apple-iPhone-5-16GB-GSM-Smartphone-Unlocked/49230889,Refurbished,16 GB,
14,Apple iPhone 5,Apple Iphone 5 16GB Refurbished GSM Unlocked IOS Smartphone Refurbished White,https://www.walmart.com/ip/Apple-Iphone-5-16GB-Refurbished-GSM-Unlocked-IOS-Smartphone-Refurbished-White/151684583,Refurbished,16 GB,
14,Apple iPhone 5,Refurbished Apple iPhone 5 32GB GSM Smartphone Unlocked,https://www.walmart.com/ip/Refurbished-Apple-iPhone-5-32GB-GSM-Smartphone-Unlocked/49230905,Refurbished,32 GB,
14,Apple iPhone 5,Refurbished Apple iPhone 5 64GB GSM Smartphone Unlocked,https://www.walmart.com/ip/Refurbished-Apple-iPhone-5-64GB-GSM-Smartphone-Unlocked/49230914,Refurbished,64 GB,
14,Apple iPhone 5,Apple Iphone 5 64GB Refurbished GSM Unlocked IOS Smartphone Refurbished White,https://www.walmart.com/ip/Apple-Iphone-5-64GB-Refurbished-GSM-Unlocked-IOS-Smartphone-Refurbished-White/108085934,Refurbished,64 GB,
15,Apple iPhone 5C,Refurbished Apple iPhone 5C 8GB Smartphone Unlocked,https://www.walmart.com/ip/Refurbished-Apple-iPhone-5C-8GB-Smartphone-Unlocked/52590730,Refurbished,8 GB,
15,Apple iPhone 5C,Apple iPhone 5C 8GB White LTE Cellular Verizon,https://www.walmart.com/ip/Apple-iPhone-5C-8GB-White-LTE-Cellular-Verizon/51755570,Carrier,8 GB,
15,Apple iPhone 5C,Apple iPhone 5C 8GB LTE Cellular Verizon,https://www.walmart.com/ip/Apple-iPhone-5C-8GB-LTE-Cellular-Verizon/52053224,Carrier,8 GB,
15,Apple iPhone 5C,Apple iPhone 5C 8GB White LTE Cellular AT T,https://www.walmart.com/ip/Apple-iPhone-5C-8GB-White-LTE-Cellular-AT-T/51755576,Carrier,8 GB,
15,Apple iPhone 5C,Apple iPhone 5C 8GB Blue LTE Cellular AT T,https://www.walmart.com/ip/Apple-iPhone-5C-8GB-Blue-LTE-Cellular-AT-T/51755569,Carrier,8 GB,
15,Apple iPhone 5C,FAST TRACK ERC Apple iPhone 5C 16GB LTE Cellular AT T Pink,https://www.walmart.com/ip/FAST-TRACK-ERC-Apple-iPhone-5C-16GB-LTE-Cellular-AT-T-Pink/52151376,Carrier,16 GB,
15,Apple iPhone 5C,Apple iPhone 5C 8GB White LTE Cellular Sprint,https://www.walmart.com/ip/Apple-iPhone-5C-8GB-White-LTE-Cellular-Sprint/51755568,Carrier,8 GB,
15,Apple iPhone 5C,Apple iPhone 5C 16GB Yellow LTE Cellular AT T,https://www.walmart.com/ip/Apple-iPhone-5C-16GB-Yellow-LTE-Cellular-AT-T/51755680,Carrier,16 GB,
15,Apple iPhone 5C,Apple iPhone 5C 8GB LTE Cellular Sprint,https://www.walmart.com/ip/Apple-iPhone-5C-8GB-LTE-Cellular-Sprint/52053221,Carrier,8 GB,
15,Apple iPhone 5C,Apple iPhone 5C 8GB Blue LTE Cellular Sprint,https://www.walmart.com/ip/Apple-iPhone-5C-8GB-Blue-LTE-Cellular-Sprint/51755682,Carrier,8 GB,
15,Apple iPhone 5C,Apple iPhone 5C 16GB Yellow LTE Cellular Sprint,https://www.walmart.com/ip/Apple-iPhone-5C-16GB-Yellow-LTE-Cellular-Sprint/51755601,Carrier,16 GB,
15,Apple iPhone 5C,FAST TRACK Apple iPhone 5C 16GB White LTE Cellular Sprint,https://www.walmart.com/ip/FAST-TRACK-Apple-iPhone-5C-16GB-White-LTE-Cellular-Sprint/51755575,Carrier,16 GB,
15,Apple iPhone 5C,Refurbished Apple iPhone 5c 16GB GSM Smartphone Unlocked,https://www.walmart.com/ip/Refurbished-Apple-iPhone-5c-16GB-GSM-Smartphone-Unlocked/49230954,Refurbished,16 GB,
15,Apple iPhone 5C,Apple iPhone 5C 16GB Blue LTE Cellular AT T Refurbished,https://www.walmart.com/ip/Apple-iPhone-5C-16GB-Blue-LTE-Cellular-AT-T-Refurbished/54500382,Refurbished,16 GB,
15,Apple iPhone 5C,Apple iPhone 5C 8GB Blue LTE Cellular Verizon,https://www.walmart.com/ip/Apple-iPhone-5C-8GB-Blue-LTE-Cellular-Verizon/51755572,Carrier,8 GB,
15,Apple iPhone 5C,Apple iPhone 5C 8GB Pink LTE Cellular AT T,https://www.walmart.com/ip/Apple-iPhone-5C-8GB-Pink-LTE-Cellular-AT-T/51755681,Carrier,8 GB,
15,Apple iPhone 5C,Apple iPhone 5C 16GB Green LTE Cellular AT T,https://www.walmart.com/ip/Apple-iPhone-5C-16GB-Green-LTE-Cellular-AT-T/51755579,Carrier,16 GB,
15,Apple iPhone 5C,Apple iPhone 5C 16GB Pink LTE Cellular Verizon,https://www.walmart.com/ip/Apple-iPhone-5C-16GB-Pink-LTE-Cellular-Verizon/51755580,Carrier,16 GB,
15,Apple iPhone 5C,Apple iPhone 5C 16GB White LTE Cellular Verizon,https://www.walmart.com/ip/Apple-iPhone-5C-16GB-White-LTE-Cellular-Verizon/51755583,Carrier,16 GB,
15,Apple iPhone 5C,Apple iPhone 5C 16GB White LTE Cellular AT T,https://www.walmart.com/ip/Apple-iPhone-5C-16GB-White-LTE-Cellular-AT-T/51755586,Carrier,16 GB,
15,Apple iPhone 5C,Refurbished Apple iPhone 5C 16GB LTE Cellular Blue AT T,https://www.walmart.com/ip/Refurbished-Apple-iPhone-5C-16GB-LTE-Cellular-Blue-AT-T/54316461,Refurbished,16 GB,
17,Apple iPhone 6,Refurbished Apple iPhone 6 16GB GSM Smartphone Unlocked,https://www.walmart.com/ip/Refurbished-Apple-iPhone-6-16GB-GSM-Smartphone-Unlocked/49230865,Refurbished,16 GB,
17,Apple iPhone 6,Refurbished Apple iPhone 6 64GB GSM Smartphone Unlocked,https://www.walmart.com/ip/Refurbished-Apple-iPhone-6-64GB-GSM-Smartphone-Unlocked/49230864,Refurbished,64 GB,
17,Apple iPhone 6,Refurbished Apple iPhone 6 64GB Smartphone Unlocked,https://www.walmart.com/ip/Refurbished-Apple-iPhone-6-64GB-Smartphone-Unlocked/49053826,Refurbished,64 GB,
17,Apple iPhone 6,Certified Pre Owned Apple iPhone 6 Smartphone Unlocked,https://www.walmart.com/ip/Certified-Pre-Owned-Apple-iPhone-6-Smartphone-Unlocked/53970805,Unlocked,,
17,Apple iPhone 6,Refurbished Apple iPhone 6 16GB Smartphone Unlocked,https://www.walmart.com/ip/Refurbished-Apple-iPhone-6-16GB-Smartphone-Unlocked/49053825,Refurbished,16 GB,
17,Apple iPhone 6,Refurbished Apple iPhone 6 128GB Smartphone Unlocked,https://www.walmart.com/ip/Refurbished-Apple-iPhone-6-128GB-Smartphone-Unlocked/49053850,Refurbished,128 GB,
17,Apple iPhone 6,Apple iPhone 6 16GB LTE Cellular Boost Mobile Space Gray,https://www.walmart.com/ip/Apple-iPhone-6-16GB-LTE-Cellular-Boost-Mobile-Space-Gray/54050958,Unlocked,16 GB,
17,Apple iPhone 6,Apple Iphone 6 16GB Refubished GSM Unlocked IOS Smartphone Refurbished Space Gray,https://www.walmart.com/ip/Apple-Iphone-6-16GB-Refubished-GSM-Unlocked-IOS-Smartphone-Refurbished-Space-Gray/148085948,Refurbished,16 GB,
17,Apple iPhone 6,AT T Apple iPhone 6 16GB,https://www.walmart.com/ip/AT-T-Apple-iPhone-6-16GB/41421507,Carrier,16 GB,
17,Apple iPhone 6,Apple iPhone 6 16GB GSM 4G LTE Smartphone Unlocked,https://www.walmart.com/ip/Apple-iPhone-6-16GB-GSM-4G-LTE-Smartphone-Unlocked/46549653,Unlocked,16 GB,
17,Apple iPhone 6,Apple Iphone 6 16GB Refubished GSM Unlocked IOS Smartphone Refurbished Gold,https://www.walmart.com/ip/Apple-Iphone-6-16GB-Refubished-GSM-Unlocked-IOS-Smartphone-Refurbished-Gold/133418626,Refurbished,16 GB,
17,Apple iPhone 6,Apple Iphone 6 64GB Refubished GSM Unlocked IOS Smartphone Refurbished Silver White,https://www.walmart.com/ip/Apple-Iphone-6-64GB-Refubished-GSM-Unlocked-IOS-Smartphone-Refurbished-Silver-White/108552531,Refurbished,64 GB,
17,Apple iPhone 6,Refurbished Apple iPhone 6 128GB GSM Smartphone Unlocked,https://www.walmart.com/ip/Refurbished-Apple-iPhone-6-128GB-GSM-Smartphone-Unlocked/49230880,Refurbished,128 GB,
17,Apple iPhone 6,Apple iPhone 6 16GB LTE Cellular Boost Mobile Gold Refurbished,https://www.walmart.com/ip/Apple-iPhone-6-16GB-LTE-Cellular-Boost-Mobile-Gold-Refurbished/54316462,Refurbished,16 GB,
17,Apple iPhone 6,Apple Iphone 6 64GB Refubished GSM Unlocked IOS Smartphone Refurbished Space Gray,https://www.walmart.com/ip/Apple-Iphone-6-64GB-Refubished-GSM-Unlocked-IOS-Smartphone-Refurbished-Space-Gray/163853108,Refurbished,64 GB,
17,Apple iPhone 6,Apple Iphone 6 128GB Refubished GSM Unlocked IOS Smartphone Refurbished Space Gray,https://www.walmart.com/ip/Apple-Iphone-6-128GB-Refubished-GSM-Unlocked-IOS-Smartphone-Refurbished-Space-Gray/150585560,Refurbished,128 GB,
17,Apple iPhone 6,Apple Iphone 6 128GB Refubished GSM Unlocked IOS Smartphone Refurbished Space Gray,https://www.walmart.com/ip/Apple-Iphone-6-128GB-Refubished-GSM-Unlocked-IOS-Smartphone-Refurbished-Space-Gray/125546611,Refurbished,128 GB,
17,Apple iPhone 6,Apple iPhone 6 16GB Gold LTE Cellular AT T,https://www.walmart.com/ip/Apple-iPhone-6-16GB-Gold-LTE-Cellular-AT-T/51755609,Carrier,16 GB,
18,Apple iPhone 6 Plus,Apple iPhone 6 Plus 16GB GSM 4G LTE Smartphone Unlocked,https://www.walmart.com/ip/Apple-iPhone-6-Plus-16GB-GSM-4G-LTE-Smartphone-Unlocked/46549664,Unlocked,16 GB,
18,Apple iPhone 6 Plus,Apple iPhone 6 Plus 64GB GSM 4G LTE Smartphone Unlocked,https://www.walmart.com/ip/Apple-iPhone-6-Plus-64GB-GSM-4G-LTE-Smartphone-Unlocked/46549662,Unlocked,64 GB,
18,Apple iPhone 6 Plus,Apple iPhone 6 Plus 16GB LTE Cellular Space Gray,https://www.walmart.com/ip/Apple-iPhone-6-Plus-16GB-LTE-Cellular-Space-Gray/54050946,Unlocked,16 GB,
18,Apple iPhone 6 Plus,Refurbished Apple iPhone 6 Plus 64GB Smartphone Unlocked,https://www.walmart.com/ip/Refurbished-Apple-iPhone-6-Plus-64GB-Smartphone-Unlocked/49053819,Refurbished,64 GB,
18,Apple iPhone 6 Plus,Refurbished Apple iPhone 6 Plus 16GB Smartphone Unlocked,https://www.walmart.com/ip/Refurbished-Apple-iPhone-6-Plus-16GB-Smartphone-Unlocked/49053861,Refurbished,16 GB,
18,Apple iPhone 6 Plus,Apple iPhone 6 Plus 16GB GSM 4G LTE Smartphone Unlocked,https://www.walmart.com/ip/Apple-iPhone-6-Plus-16GB-GSM-4G-LTE-Smartphone-Unlocked/46549660,Unlocked,16 GB,
18,Apple iPhone 6 Plus,Refurbished Apple iPhone 6 Plus 128GB GSM Smartphone Unlocked,https://www.walmart.com/ip/Refurbished-Apple-iPhone-6-Plus-128GB-GSM-Smartphone-Unlocked/49230888,Refurbished,128 GB,
18,Apple iPhone 6 Plus,Refurbished Apple iPhone 6 Plus 16GB GSM Smartphone Unlocked,https://www.walmart.com/ip/Refurbished-Apple-iPhone-6-Plus-16GB-GSM-Smartphone-Unlocked/49230871,Refurbished,16 GB,
18,Apple iPhone 6 Plus,US Cellular Apple iPhone 6 Plus 16GB LTE Cellular Boost Mobile Gold,https://www.walmart.com/ip/US-Cellular-Apple-iPhone-6-Plus-16GB-LTE-Cellular-Boost-Mobile-Gold/54050944,Unlocked,16 GB,
18,Apple iPhone 6 Plus,DISCONTINUED Refurbished Apple iPhone 6 Plus 128GB Smartphone Unlocked Space Gray,https://www.walmart.com/ip/DISCONTINUED-Refurbished-Apple-iPhone-6-Plus-128GB-Smartphone-Unlocked-Space-Gray/49053769,Refurbished,128 GB,
18,Apple iPhone 6 Plus,Refurbished Apple iPhone 6 Plus 64GB GSM Smartphone Unlocked,https://www.walmart.com/ip/Refurbished-Apple-iPhone-6-Plus-64GB-GSM-Smartphone-Unlocked/49230883,Refurbished,64 GB,
18,Apple iPhone 6 Plus,Apple iPhone 6 Plus 16GB Silver LTE Cellular Verizon,https://www.walmart.com/ip/Apple-iPhone-6-Plus-16GB-Silver-LTE-Cellular-Verizon/51755577,Carrier,16 GB,
18,Apple iPhone 6 Plus,Apple iPhone 6 Plus 64GB GSM 4G LTE Smartphone Unlocked,https://www.walmart.com/ip/Apple-iPhone-6-Plus-64GB-GSM-4G-LTE-Smartphone-Unlocked/46549663,Unlocked,64 GB,
18,Apple iPhone 6 Plus,Apple iPhone 6 Plus 16GB Space Gray LTE Cellular Sprint,https://www.walmart.com/ip/Apple-iPhone-6-Plus-16GB-Space-Gray-LTE-Cellular-Sprint/51755593,Carrier,16 GB,
18,Apple iPhone 6 Plus,Apple iPhone 6 Plus 16GB Silver LTE Cellular Sprint,https://www.walmart.com/ip/Apple-iPhone-6-Plus-16GB-Silver-LTE-Cellular-Sprint/51755589,Carrier,16 GB,
18,Apple iPhone 6 Plus,Apple iPhone 6 Plus 16GB Gold LTE Cellular Verizon,https://www.walmart.com/ip/Apple-iPhone-6-Plus-16GB-Gold-LTE-Cellular-Verizon/51755585,Carrier,16 GB,
18,Apple iPhone 6 Plus,Apple iPhone 6 Plus 16GB Silver LTE Cellular AT T,https://www.walmart.com/ip/Apple-iPhone-6-Plus-16GB-Silver-LTE-Cellular-AT-T/51755588,Carrier,16 GB,
18,Apple iPhone 6 Plus,Apple iPhone 6 Plus 16GB Gold LTE Cellular AT T,https://www.walmart.com/ip/Apple-iPhone-6-Plus-16GB-Gold-LTE-Cellular-AT-T/51755587,Carrier,16 GB,
38,BlackBerry Passport,BlackBerry Passport GSM BlackBerry 10.3 OS Smartphone Unlocked Black,https://www.walmart.com/ip/BlackBerry-Passport-GSM-BlackBerry-10.3-OS-Smartphone-Unlocked-Black/40549524,Unlocked,,
41,BlackBerry Torch 9810,BlackBerry Torch 9810 Smartphone Unlocked White,https://www.walmart.com/ip/BlackBerry-Torch-9810-Smartphone-Unlocked-White/34742609,Unlocked,,
41,BlackBerry Torch 9810,BlackBerry Torch 9810 GSM Cell Phone Grey Unlocked,https://www.walmart.com/ip/BlackBerry-Torch-9810-GSM-Cell-Phone-Grey-Unlocked/19612829,Unlocked,,
43,BlackBerry Z10,BlackBerry Z10 STL100 3 16GB GSM 4G LTE OS 10 Smartphone Unlocked,https://www.walmart.com/ip/BlackBerry-Z10-STL100-3-16GB-GSM-4G-LTE-OS-10-Smartphone-Unlocked/46545120,Unlocked,16 GB,
43,BlackBerry Z10,BlackBerry Z10 PRD 46163 146 STL100 1 Smartphone GSM 850 900 Refurbished,https://www.walmart.com/ip/BlackBerry-Z10-PRD-46163-146-STL100-1-Smartphone-GSM-850-900-Refurbished/50998585,Refurbished,,
341,LG G2,Refurbished LG G2 LTE FreedomPop Smartphone Unlocked,https://www.walmart.com/ip/Refurbished-LG-G2-LTE-FreedomPop-Smartphone-Unlocked/49236552,Refurbished,,
343,LG G3 D855,LG G3 D855 32GB 4G LTE GSM Quad HD Android Smartphone Unlocked,https://www.walmart.com/ip/LG-G3-D855-32GB-4G-LTE-GSM-Quad-HD-Android-Smartphone-Unlocked/42581886,Unlocked,32 GB,
343,LG G3 D855,LG G3 D855 16GB 4G LTE GSM Quad HD Android Smartphone Unlocked,https://www.walmart.com/ip/LG-G3-D855-16GB-4G-LTE-GSM-Quad-HD-Android-Smartphone-Unlocked/42581847,Unlocked,16 GB,
536,Samsung Galaxy Alpha,AT T Samsung Galaxy Alpha G850a Smartphone Unlocked,https://www.walmart.com/ip/AT-T-Samsung-Galaxy-Alpha-G850a-Smartphone-Unlocked/43932526,Carrier,,
548,Samsung Galaxy Note 3 N9000,Refurbished Samsung Galaxy Note 3 32GB SM N900a GSM Smartphone Unlocked,https://www.walmart.com/ip/Refurbished-Samsung-Galaxy-Note-3-32GB-SM-N900a-GSM-Smartphone-Unlocked/49230916,Refurbished,32 GB,
548,Samsung Galaxy Note 3 N9000,Certified Refurbished Samsung Galaxy Note 3 N900A 32GB Smartphone Unlocked Black,https://www.walmart.com/ip/Certified-Refurbished-Samsung-Galaxy-Note-3-N900A-32GB-Smartphone-Unlocked-Black/51756866,Refurbished,32 GB,
550,Samsung Galaxy Note 4,Samsung Galaxy Note 4 Dazzling White Unlocked GSM Mobile Phone SM N910,https://www.walmart.com/ip/Samsung-Galaxy-Note-4-Dazzling-White-Unlocked-GSM-Mobile-Phone-SM-N910/40705124,Unlocked,,
550,Samsung Galaxy Note 4,Samsung Galaxy Note 4 N910C 32GB 4G LTE GSM Octa Core Smartphone Unlocked,https://www.walmart.com/ip/Samsung-Galaxy-Note-4-N910C-32GB-4G-LTE-GSM-Octa-Core-Smartphone-Unlocked/42581864,Unlocked,32 GB,
550,Samsung Galaxy Note 4,AT T Samsung Galaxy Note 4 N910A Smartphone Unlocked,https://www.walmart.com/ip/AT-T-Samsung-Galaxy-Note-4-N910A-Smartphone-Unlocked/43932345,Carrier,,
550,Samsung Galaxy Note 4,Samsung Galaxy Note 4 N910H 4G LTE GSM Android Smartphone Unlocked White,https://www.walmart.com/ip/Samsung-Galaxy-Note-4-N910H-4G-LTE-GSM-Android-Smartphone-Unlocked-White/40549552,Unlocked,,
550,Samsung Galaxy Note 4,Refurbished Samsung Galaxy Note 4 N910A 32GB Smartphone Unlocked White,https://www.walmart.com/ip/Refurbished-Samsung-Galaxy-Note-4-N910A-32GB-Smartphone-Unlocked-White/51756896,Refurbished,32 GB,
550,Samsung Galaxy Note 4,Samsung Galaxy Note 4 N910A 32GB AT T Unlocked GSM 4G LTE Phone White,https://www.walmart.com/ip/Samsung-Galaxy-Note-4-N910A-32GB-AT-T-Unlocked-GSM-4G-LTE-Phone-White/191886962,Carrier,32 GB,
550,Samsung Galaxy Note 4,Refurbished Samsung Galaxy Note 4 32GB SM N910a GSM Smartphone Unlocked,https://www.walmart.com/ip/Refurbished-Samsung-Galaxy-Note-4-32GB-SM-N910a-GSM-Smartphone-Unlocked/49230939,Refurbished,32 GB,
560,Samsung Galaxy S3,Samsung Galaxy S3 16GB Smartphone Verizon,https://www.walmart.com/ip/Samsung-Galaxy-S3-16GB-Smartphone-Verizon/51237683,Carrier,16 GB,
560,Samsung Galaxy S3,Samsung Galaxy S3 16GB Smartphone Verizon,https://www.walmart.com/ip/Samsung-Galaxy-S3-16GB-Smartphone-Verizon/51237680,Carrier,16 GB,
560,Samsung Galaxy S3,Samsung Galaxy S3 16GB Smartphone Pebble Blue AT T,https://www.walmart.com/ip/Samsung-Galaxy-S3-16GB-Smartphone-Pebble-Blue-AT-T/51237666,Carrier,16 GB,
560,Samsung Galaxy S3,Samsung Galaxy S3 I747 16GB GSM Android Cell Phone White Unlocked,https://www.walmart.com/ip/Samsung-Galaxy-S3-I747-16GB-GSM-Android-Cell-Phone-White-Unlocked/21128514,Unlocked,16 GB,
560,Samsung Galaxy S3,Samsung Galaxy S3 16GB Smartphone Sprint,https://www.walmart.com/ip/Samsung-Galaxy-S3-16GB-Smartphone-Sprint/51237685,Carrier,16 GB,
560,Samsung Galaxy S3,AT T Samsung Galaxy S3 Smartphone Unlocked,https://www.walmart.com/ip/AT-T-Samsung-Galaxy-S3-Smartphone-Unlocked/49122992,Carrier,,
560,Samsung Galaxy S3,Samsung Galaxy S3 I747 16GB AT T Unlocked GSM 4G LTE Android Phone White,https://www.walmart.com/ip/Samsung-Galaxy-S3-I747-16GB-AT-T-Unlocked-GSM-4G-LTE-Android-Phone-White/168021995,Carrier,16 GB,
560,Samsung Galaxy S3,Samsung Galaxy S3 16GB 4G LTE Refurbished Sprint,https://www.walmart.com/ip/Samsung-Galaxy-S3-16GB-4G-LTE-Refurbished-Sprint/51413993,Refurbished,16 GB,
560,Samsung Galaxy S3,Samsung Galaxy S3 1747 AT T Android Smartphone White,https://www.walmart.com/ip/Samsung-Galaxy-S3-1747-AT-T-Android-Smartphone-White/39081765,Carrier,,
562,Samsung Galaxy S4 I9500,Samsung Galaxy S4 I9500 16GB GSM Smartphone and OtterBox Preserver Case Unlocked,https://www.walmart.com/ip/Samsung-Galaxy-S4-I9500-16GB-GSM-Smartphone-and-OtterBox-Preserver-Case-Unlocked/46535472,Unlocked,16 GB,
562,Samsung Galaxy S4 I9500,Samsung Galaxy S4 I9500 Smartphone Black Unlocked,https://www.walmart.com/ip/Samsung-Galaxy-S4-I9500-Smartphone-Black-Unlocked/24357080,Unlocked,,
562,Samsung Galaxy S4 I9500,Samsung Galaxy S4 I9500 16GB GSM Smartphone and Lifeproof nuud Case Unlocked,https://www.walmart.com/ip/Samsung-Galaxy-S4-I9500-16GB-GSM-Smartphone-and-Lifeproof-nuud-Case-Unlocked/46535484,Unlocked,16 GB,
563,Samsung Galaxy S4 Mini I9192,Samsung Galaxy S4 Mini Black Smartphone AT T Locked 4.27 Display 960 x 540 Pixel Android 4.2.2 6155A,https://www.walmart.com/ip/Samsung-Galaxy-S4-Mini-Black-Smartphone-AT-T-Locked-4.27-Display-960-x-540-Pixel-Android-4.2.2-6155A/42012498,Carrier,,
563,Samsung Galaxy S4 Mini I9192,Refurbished Samsung Galaxy S4 Mini GT I9192 Factory Unlocked Cellphone 8GB White,https://www.walmart.com/ip/Refurbished-Samsung-Galaxy-S4-Mini-GT-I9192-Factory-Unlocked-Cellphone-8GB-White/157979806,Refurbished,8 GB,
563,Samsung Galaxy S4 Mini I9192,Samsung Galaxy S4 Mini Black 8 MP No Contract Phone U.S. Cellular,https://www.walmart.com/ip/Samsung-Galaxy-S4-Mini-Black-8-MP-No-Contract-Phone-U.S.-Cellular/51755606,Unlocked,,
565,Samsung Galaxy S5,Samsung Galaxy S5 G900A 4G LTE 16GB GSM Android Smartphone Unlocked,https://www.walmart.com/ip/Samsung-Galaxy-S5-G900A-4G-LTE-16GB-GSM-Android-Smartphone-Unlocked/40864434,Unlocked,16 GB,
565,Samsung Galaxy S5,Samsung Galaxy S5 G900F 4G LTE 16GB GSM Android Cell Phone Unlocked,https://www.walmart.com/ip/Samsung-Galaxy-S5-G900F-4G-LTE-16GB-GSM-Android-Cell-Phone-Unlocked/42279499,Unlocked,16 GB,
565,Samsung Galaxy S5,Refurbished Verizon Samsung Galaxy S5 G900V 16GB Smartphone Unlocked,https://www.walmart.com/ip/Refurbished-Verizon-Samsung-Galaxy-S5-G900V-16GB-Smartphone-Unlocked/46021931,Refurbished,16 GB,
565,Samsung Galaxy S5,Refurbished Samsung Galaxy S5 16GB SM G900a GSM Smartphone Unlocked,https://www.walmart.com/ip/Refurbished-Samsung-Galaxy-S5-16GB-SM-G900a-GSM-Smartphone-Unlocked/49230983,Refurbished,16 GB,
565,Samsung Galaxy S5,Samsung Galaxy S5 G900A 16GB Unlocked GSM Certified Refurbished Phone White,https://www.walmart.com/ip/Samsung-Galaxy-S5-G900A-16GB-Unlocked-GSM-Certified-Refurbished-Phone-White/145623182,Refurbished,16 GB,
565,Samsung Galaxy S5,Samsung Galaxy S5 GSM Android Smartphone Unlocked,https://www.walmart.com/ip/Samsung-Galaxy-S5-GSM-Android-Smartphone-Unlocked/35814336,Unlocked,,
565,Samsung Galaxy S5,Refurbished Samsung Galaxy S5 G900A 16GB Smartphone Unlocked White,https://www.walmart.com/ip/Refurbished-Samsung-Galaxy-S5-G900A-16GB-Smartphone-Unlocked-White/51756893,Refurbished,16 GB,
565,Samsung Galaxy S5,Certified Preowned FreedomPop Samsung Galaxy S5 Smartphone Unlocked White,https://www.walmart.com/ip/Certified-Preowned-FreedomPop-Samsung-Galaxy-S5-Smartphone-Unlocked-White/52243163,Unlocked,,
565,Samsung Galaxy S5,Refurbished Samsung Galaxy S5 G900A 16GB Smartphone Unlocked Gold,https://www.walmart.com/ip/Refurbished-Samsung-Galaxy-S5-G900A-16GB-Smartphone-Unlocked-Gold/51756890,Refurbished,16 GB,
565,Samsung Galaxy S5,Samsung Galaxy S5 G900FD DUOS 4G LTE 16GB GSM Dual SIM Smartphone Unlocked White,https://www.walmart.com/ip/Samsung-Galaxy-S5-G900FD-DUOS-4G-LTE-16GB-GSM-Dual-SIM-Smartphone-Unlocked-White/40549554,Unlocked,16 GB,
565,Samsung Galaxy S5,Samsung Galaxy S5 Euro Version SM G900F Copper Gold Unlocked GSM Mobile Phone,https://www.walmart.com/ip/Samsung-Galaxy-S5-Euro-Version-SM-G900F-Copper-Gold-Unlocked-GSM-Mobile-Phone/39907019,Unlocked,,
565,Samsung Galaxy S5,Refurbished Samsung Galaxy S5 SM G900H 16GB Factory Unlocked Americas Region BLACK NO WARRANTY,https://www.walmart.com/ip/Refurbished-Samsung-Galaxy-S5-SM-G900H-16GB-Factory-Unlocked-Americas-Region-BLACK-NO-WARRANTY/179717185,Refurbished,16 GB,
565,Samsung Galaxy S5,Samsung Galaxy S5 Black GSM Smartphone Unlocked with UAG and H2O SIM,https://www.walmart.com/ip/Samsung-Galaxy-S5-Black-GSM-Smartphone-Unlocked-with-UAG-and-H2O-SIM/36907542,Unlocked,,
565,Samsung Galaxy S5,Samsung Galaxy S5 G900A 16GB Unlocked GSM 4G LTE 16MP Camera Smartphone w 16MP Camera Shimmery White Certified Refurbished,https://www.walmart.com/ip/Samsung-Galaxy-S5-G900A-16GB-Unlocked-GSM-4G-LTE-16MP-Camera-Smartphone-w-16MP-Camera-Shimmery-White-Certified-Refurbished/121997968,Refurbished,16 GB,
565,Samsung Galaxy S5,Samsung Galaxy S5 Active Smartphone AT T,https://www.walmart.com/ip/Samsung-Galaxy-S5-Active-Smartphone-AT-T/51755571,Carrier,,
592,Sony Xperia E1,Sony Xperia E1 D2004 Unlocked GSM Dual Core Android Phone Black,https://www.walmart.com/ip/Sony-Xperia-E1-D2004-Unlocked-GSM-Dual-Core-Android-Phone-Black/54407000,Unlocked,,
730,Samsung Galaxy Note Edge,Certified Refurbished Verizon Samsung Galaxy Note edge N915V 32GB Smartphone Unlocked Black,https://www.walmart.com/ip/Certified-Refurbished-Verizon-Samsung-Galaxy-Note-edge-N915V-32GB-Smartphone-Unlocked-Black/51756885,Refurbished,32 GB,
730,Samsung Galaxy Note Edge,Samsung Galaxy Note Edge LTE Black Unlocked GSM Mobile Phone,https://www.walmart.com/ip/Samsung-Galaxy-Note-Edge-LTE-Black-Unlocked-GSM-Mobile-Phone/45088476,Unlocked,,
730,Samsung Galaxy Note Edge,Samsung Galaxy Note Edge SM N915 Black International Model Factory Unlocked GSM Mobile Phone,https://www.walmart.com/ip/Samsung-Galaxy-Note-Edge-SM-N915-Black-International-Model-Factory-Unlocked-GSM-Mobile-Phone/49300735,Unlocked,,
736,Samsung Galaxy S6,Samsung Galaxy S6 G920 32GB GSM 4G LTE Octa Core Smartphone Unlocked,https://www.walmart.com/ip/Samsung-Galaxy-S6-G920-32GB-GSM-4G-LTE-Octa-Core-Smartphone-Unlocked/44436075,Unlocked,32 GB,
736,Samsung Galaxy S6,Samsung Galaxy S6 G920F 32GB GSM 4G LTE Octa Core Smartphone Unlocked,https://www.walmart.com/ip/Samsung-Galaxy-S6-G920F-32GB-GSM-4G-LTE-Octa-Core-Smartphone-Unlocked/45799594,Unlocked,32 GB,
736,Samsung Galaxy S6,AT T Samsung Galaxy S6 G920A 64GB Smartphone Unlocked White,https://www.walmart.com/ip/AT-T-Samsung-Galaxy-S6-G920A-64GB-Smartphone-Unlocked-White/50154463,Carrier,64 GB,
736,Samsung Galaxy S6,Refurbished Samsung Galaxy S6 G920a 32GB Smartphone Unlocked Black,https://www.walmart.com/ip/Refurbished-Samsung-Galaxy-S6-G920a-32GB-Smartphone-Unlocked-Black/49053759,Refurbished,32 GB,
736,Samsung Galaxy S6,Samsung Galaxy S6 G920FD 32GB GSM Smartphone Unlocked Gold,https://www.walmart.com/ip/Samsung-Galaxy-S6-G920FD-32GB-GSM-Smartphone-Unlocked-Gold/51756913,Unlocked,32 GB,
736,Samsung Galaxy S6,Samsung Galaxy S6 G920T 32GB GSM 4G LTE Octa Core Smartphone Unlocked,https://www.walmart.com/ip/Samsung-Galaxy-S6-G920T-32GB-GSM-4G-LTE-Octa-Core-Smartphone-Unlocked/47920262,Unlocked,32 GB,
736,Samsung Galaxy S6,Samsung Galaxy S6 SM G920F Black Sapphire Unlocked Unlocked GSM Mobile Phone,https://www.walmart.com/ip/Samsung-Galaxy-S6-SM-G920F-Black-Sapphire-Unlocked-Unlocked-GSM-Mobile-Phone/45088484,Unlocked,,
736,Samsung Galaxy S6,Samsung Galaxy S6 SM G920F White Pearl Unlocked In Unlocked GSM Mobile Phone,https://www.walmart.com/ip/Samsung-Galaxy-S6-SM-G920F-White-Pearl-Unlocked-In-Unlocked-GSM-Mobile-Phone/45087690,Unlocked,,
736,Samsung Galaxy S6,Samsung Galaxy S6 G920 64GB GSM 4G LTE Octa Core Smartphone Unlocked,https://www.walmart.com/ip/Samsung-Galaxy-S6-G920-64GB-GSM-4G-LTE-Octa-Core-Smartphone-Unlocked/44436076,Unlocked,64 GB,
736,Samsung Galaxy S6,Samsung Galaxy S6 SM G920F White Pearl International Model Unlocked GSM Mobile Phone,https://www.walmart.com/ip/Samsung-Galaxy-S6-SM-G920F-White-Pearl-International-Model-Unlocked-GSM-Mobile-Phone/49299439,Unlocked,,
736,Samsung Galaxy S6,Samsung Galaxy S6 G925i White Pearl 5.1 Touch Screen 16.0 Megapixel Camera Android 5.0.2,https://www.walmart.com/ip/Samsung-Galaxy-S6-G925i-White-Pearl-5.1-Touch-Screen-16.0-Megapixel-Camera-Android-5.0.2/49299473,Unlocked,,
736,Samsung Galaxy S6,Samsung Galaxy S6 Black Saphire 5.1 Touch Screen 16.0 Megapixel Camera Android 5.0.2 w NFC,https://www.walmart.com/ip/Samsung-Galaxy-S6-Black-Saphire-5.1-Touch-Screen-16.0-Megapixel-Camera-Android-5.0.2-w-NFC/49301215,Unlocked,,
736,Samsung Galaxy S6,Samsung Galaxy S6 G920I 32GB Unlocked 4G LTE Phone Gold,https://www.walmart.com/ip/Samsung-Galaxy-S6-G920I-32GB-Unlocked-4G-LTE-Phone-Gold/46584288,Unlocked,32 GB,
736,Samsung Galaxy S6,Samsung Galaxy S6 32GB SM G920F Gold International Model Unlocked GSM Mobile Phone,https://www.walmart.com/ip/Samsung-Galaxy-S6-32GB-SM-G920F-Gold-International-Model-Unlocked-GSM-Mobile-Phone/49299455,Unlocked,32 GB,
736,Samsung Galaxy S6,Samsung Galaxy S6 Black Saphire 5.1 Touch Screen 16.0 Megapixel Camera Android 5.0.2 w WiFi,https://www.walmart.com/ip/Samsung-Galaxy-S6-Black-Saphire-5.1-Touch-Screen-16.0-Megapixel-Camera-Android-5.0.2-w-WiFi/49301174,Unlocked,,
736,Samsung Galaxy S6,Refurbished Samsung Galaxy S6 G920F 32GB Factory Unlocked GSM 4G LTE Octa Core Smartphone Blue Topaz,https://www.walmart.com/ip/Refurbished-Samsung-Galaxy-S6-G920F-32GB-Factory-Unlocked-GSM-4G-LTE-Octa-Core-Smartphone-Blue-Topaz/195689400,Refurbished,32 GB,
736,Samsung Galaxy S6,Samsung Galaxy S6 G920FD 32GB GSM Smartphone Unlocked White,https://www.walmart.com/ip/Samsung-Galaxy-S6-G920FD-32GB-GSM-Smartphone-Unlocked-White/51756911,Unlocked,32 GB,
736,Samsung Galaxy S6,Samsung Galaxy S6 G920I 32GB Unlocked 4G LTE Phone Black,https://www.walmart.com/ip/Samsung-Galaxy-S6-G920I-32GB-Unlocked-4G-LTE-Phone-Black/46584285,Unlocked,32 GB,
736,Samsung Galaxy S6,Samsung Galaxy S6 G920F 32GB Unlocked GSM 4G LTE Octa Core Phone White,https://www.walmart.com/ip/Samsung-Galaxy-S6-G920F-32GB-Unlocked-GSM-4G-LTE-Octa-Core-Phone-White/125301401,Unlocked,32 GB,
736,Samsung Galaxy S6,Samsung Galaxy S6 G920i 32GB Unlocked GSM 4G LTE Octa Core Phone Blue,https://www.walmart.com/ip/Samsung-Galaxy-S6-G920i-32GB-Unlocked-GSM-4G-LTE-Octa-Core-Phone-Blue/165173708,Unlocked,32 GB,
736,Samsung Galaxy S6,Samsung Galaxy S6 G920FD 32GB GSM Smartphone Unlocked Black,https://www.walmart.com/ip/Samsung-Galaxy-S6-G920FD-32GB-GSM-Smartphone-Unlocked-Black/51756904,Unlocked,32 GB,
736,Samsung Galaxy S6,Samsung Galaxy S6 32GB Smartphone Unlocked Gold,https://www.walmart.com/ip/Samsung-Galaxy-S6-32GB-Smartphone-Unlocked-Gold/45796150,Unlocked,32 GB,
736,Samsung Galaxy S6,Samsung Galaxy S6 32GB Smartphone Unlocked Black,https://www.walmart.com/ip/Samsung-Galaxy-S6-32GB-Smartphone-Unlocked-Black/45796148,Unlocked,32 GB,
745,Asus Zenfone 2,AT T ASUS ZenFone 2E 4G LTE Dual Core Smartphone Unlocked Black,https://www.walmart.com/ip/AT-T-ASUS-ZenFone-2E-4G-LTE-Dual-Core-Smartphone-Unlocked-Black/54384702,Carrier,,
747,BlackBerry Classic,BlackBerry Classic 16GB GSM 4G LTE Smartphone Unlocked Black,https://www.walmart.com/ip/BlackBerry-Classic-16GB-GSM-4G-LTE-Smartphone-Unlocked-Black/43195774,Unlocked,16 GB,
816,Moto G,Motorola MOTO G XT1032 16GB U.S. GSM Quad Core Unlocked Smartphone,https://www.walmart.com/ip/Motorola-MOTO-G-XT1032-16GB-U.S.-GSM-Quad-Core-Unlocked-Smartphone/46167007,Unlocked,16 GB,
828,Samsung Galaxy A3,Samsung Galaxy A3 Duos Black Galaxy A3 Duos,https://www.walmart.com/ip/Samsung-Galaxy-A3-Duos-Black-Galaxy-A3-Duos/51991375,Unlocked,,
829,Samsung Galaxy A5,Certified Pre Owned Samsung Galaxy A5 Smartphone Unlocked,https://www.walmart.com/ip/Certified-Pre-Owned-Samsung-Galaxy-A5-Smartphone-Unlocked/53753338,Unlocked,,
829,Samsung Galaxy A5,Samsung Galaxy A5 Duos Black Galaxy A5 Duos 16GB,https://www.walmart.com/ip/Samsung-Galaxy-A5-Duos-Black-Galaxy-A5-Duos-16GB/51990648,Unlocked,16 GB,
836,Samsung Galaxy J1,Samsung Galaxy J1 Dual SIM SM J110H White International Model Factory Unlocked GSM Mobile Phone,https://www.walmart.com/ip/Samsung-Galaxy-J1-Dual-SIM-SM-J110H-White-International-Model-Factory-Unlocked-GSM-Mobile-Phone/49301155,Unlocked,,
836,Samsung Galaxy J1,Samsung Galaxy J1 Dual SIM SM J110H Black International Model Factory Unlocked GSM Mobile Phone,https://www.walmart.com/ip/Samsung-Galaxy-J1-Dual-SIM-SM-J110H-Black-International-Model-Factory-Unlocked-GSM-Mobile-Phone/49301199,Unlocked,,
838,Samsung Galaxy S6 edge,Samsung Galaxy S6 Edge G925 32GB GSM 4G LTE Octa Core Smartphone Unlocked,https://www.walmart.com/ip/Samsung-Galaxy-S6-Edge-G925-32GB-GSM-4G-LTE-Octa-Core-Smartphone-Unlocked/44436120,Unlocked,32 GB,
838,Samsung Galaxy S6 edge,AT T Samsung Galaxy S6 edge G925A 32GB Smartphone Unlocked Black,https://www.walmart.com/ip/AT-T-Samsung-Galaxy-S6-edge-G925A-32GB-Smartphone-Unlocked-Black/50154459,Carrier,32 GB,
838,Samsung Galaxy S6 edge,Samsung Galaxy S6 Edge G925 64GB GSM 4G LTE Octa Core Smartphone Unlocked,https://www.walmart.com/ip/Samsung-Galaxy-S6-Edge-G925-64GB-GSM-4G-LTE-Octa-Core-Smartphone-Unlocked/44436100,Unlocked,64 GB,
838,Samsung Galaxy S6 edge,Samsung Galaxy S6 edge G925F 32GB GSM Smartphone Unlocked Black,https://www.walmart.com/ip/Samsung-Galaxy-S6-edge-G925F-32GB-GSM-Smartphone-Unlocked-Black/51756912,Unlocked,32 GB,
838,Samsung Galaxy S6 edge,Samsung Galaxy S6 edge G925F 64GB GSM Smartphone Unlocked White,https://www.walmart.com/ip/Samsung-Galaxy-S6-edge-G925F-64GB-GSM-Smartphone-Unlocked-White/51756909,Unlocked,64 GB,
838,Samsung Galaxy S6 edge,Samsung Galaxy S6 edge G925F 32GB GSM Smartphone Unlocked White,https://www.walmart.com/ip/Samsung-Galaxy-S6-edge-G925F-32GB-GSM-Smartphone-Unlocked-White/51756907,Unlocked,32 GB,
838,Samsung Galaxy S6 edge,Samsung Galaxy S6 edge G925A 4G LTE GSM Smartphone Unlocked,https://www.walmart.com/ip/Samsung-Galaxy-S6-edge-G925A-4G-LTE-GSM-Smartphone-Unlocked/52638829,Unlocked,,
838,Samsung Galaxy S6 edge,Samsung Galaxy S6 EDGE 64GB White Pearl 5.1 Touch Screen 16.0 Megapixel Camera Android 5.0.2,https://www.walmart.com/ip/Samsung-Galaxy-S6-EDGE-64GB-White-Pearl-5.1-Touch-Screen-16.0-Megapixel-Camera-Android-5.0.2/45914765,Unlocked,64 GB,
838,Samsung Galaxy S6 edge,Verizon Samsung Galaxy S6 edge G925V 32GB GSM Android Smartphone Unlocked,https://www.walmart.com/ip/Verizon-Samsung-Galaxy-S6-edge-G925V-32GB-GSM-Android-Smartphone-Unlocked/54407006,Unlocked,32 GB,
838,Samsung Galaxy S6 edge,Samsung Galaxy S6 edge G925F 32GB GSM Smartphone Unlocked Gold,https://www.walmart.com/ip/Samsung-Galaxy-S6-edge-G925F-32GB-GSM-Smartphone-Unlocked-Gold/51756906,Unlocked,32 GB,
838,Samsung Galaxy S6 edge,Samsung Galaxy S6 Edge Smartphone 32GB Memory 5.1 Screen 16MP 5MP Cameras Android 5.0.2 4G White G925F 32GB,https://www.walmart.com/ip/Samsung-Galaxy-S6-Edge-Smartphone-32GB-Memory-5.1-Screen-16MP-5MP-Cameras-Android-5.0.2-4G-White-G925F-32GB/47431269,Unlocked,32 GB,
838,Samsung Galaxy S6 edge,Samsung Galaxy S6 Edge Smartphone 32GB Memory 5.1 Screen 16MP 5MP Cameras Android 5.0.2 4G White G925I 32GB,https://www.walmart.com/ip/Samsung-Galaxy-S6-Edge-Smartphone-32GB-Memory-5.1-Screen-16MP-5MP-Cameras-Android-5.0.2-4G-White-G925I-32GB/47179740,Unlocked,32 GB,
838,Samsung Galaxy S6 edge,Samsung Galaxy S6 edge G925F 64GB GSM Smartphone Unlocked Gold,https://www.walmart.com/ip/Samsung-Galaxy-S6-edge-G925F-64GB-GSM-Smartphone-Unlocked-Gold/51756908,Unlocked,64 GB,
838,Samsung Galaxy S6 edge,Samsung Galaxy S6 edge G925F 64GB GSM Smartphone Unlocked Black,https://www.walmart.com/ip/Samsung-Galaxy-S6-edge-G925F-64GB-GSM-Smartphone-Unlocked-Black/51756905,Unlocked,64 GB,
843,Sony Xperia M4 Aqua,Sony Xperia M4 Aqua E2306 Unlocked GSM Phone Black,https://www.walmart.com/ip/Sony-Xperia-M4-Aqua-E2306-Unlocked-GSM-Phone-Black/167547772,Unlocked,,
868,BlackBerry Leap,Refurbished BlackBerry LEAP STR100 2 GSM Smartphone Unlocked Shadow Grey,https://www.walmart.com/ip/Refurbished-BlackBerry-LEAP-STR100-2-GSM-Smartphone-Unlocked-Shadow-Grey/51756093,Refurbished,,
888,HTC Desire Eye,HTC Desire Eye M910X Smartphone Unlocked White Red,https://www.walmart.com/ip/HTC-Desire-Eye-M910X-Smartphone-Unlocked-White-Red/50154473,Unlocked,,
977,LG G4,LG G4 US991LD 32GB GSM Smartphone Unlocked Black Leather,https://www.walmart.com/ip/LG-G4-US991LD-32GB-GSM-Smartphone-Unlocked-Black-Leather/50154462,Unlocked,32 GB,
977,LG G4,LG G4 H815 32GB GSM Hexa Core Android 5.1 Lollipop Smartphone Unlocked,https://www.walmart.com/ip/LG-G4-H815-32GB-GSM-Hexa-Core-Android-5.1-Lollipop-Smartphone-Unlocked/46021975,Unlocked,32 GB,
977,LG G4,LG G4 H811 32GB GSM Smartphone Unlocked Metallic Gray,https://www.walmart.com/ip/LG-G4-H811-32GB-GSM-Smartphone-Unlocked-Metallic-Gray/51756838,Unlocked,32 GB,
977,LG G4,LG G4 H815 32GB GSM 4G LTE Hexa Core Android Smartphone Unlocked,https://www.walmart.com/ip/LG-G4-H815-32GB-GSM-4G-LTE-Hexa-Core-Android-Smartphone-Unlocked/45799600,Unlocked,32 GB,
1007,Samsung Galaxy J7,Samsung Galaxy J7 J700M 16GB GSM 4G LTE Android Smartphone Unlocked,https://www.walmart.com/ip/Samsung-Galaxy-J7-J700M-16GB-GSM-4G-LTE-Android-Smartphone-Unlocked/47926025,Unlocked,16 GB,
1007,Samsung Galaxy J7,Samsung Galaxy J7 Dual SIM 4G SM J700H DS GOLD International Model Factory Unlocked GSM Mobile Phone,https://www.walmart.com/ip/Samsung-Galaxy-J7-Dual-SIM-4G-SM-J700H-DS-GOLD-International-Model-Factory-Unlocked-GSM-Mobile-Phone/49301157,Unlocked,,
1007,Samsung Galaxy J7,Samsung Galaxy J7 Dual SIM 4G SM J700H DS Black International Model Factory Unlocked GSM Mobile Phone,https://www.walmart.com/ip/Samsung-Galaxy-J7-Dual-SIM-4G-SM-J700H-DS-Black-International-Model-Factory-Unlocked-GSM-Mobile-Phone/49299407,Unlocked,,
1007,Samsung Galaxy J7,Samsung Galaxy J7 Dual SIM 4G SM J700H DS White International Model Factory Unlocked GSM Mobile Phone,https://www.walmart.com/ip/Samsung-Galaxy-J7-Dual-SIM-4G-SM-J700H-DS-White-International-Model-Factory-Unlocked-GSM-Mobile-Phone/49301068,Unlocked,,
1007,Samsung Galaxy J7,Samsung Galaxy J7 SM J700H DS GSM Factory Unlocked Smartphone Android 5 1 5 5 White,https://www.walmart.com/ip/Samsung-Galaxy-J7-SM-J700H-DS-GSM-Factory-Unlocked-Smartphone-Android-5-1-5-5-White/107513234,Unlocked,,
1008,Samsung Galaxy J5,Samsung Galaxy J5 J500M 8GB GSM 4G LTE Android Smartphone Unlocked,https://www.walmart.com/ip/Samsung-Galaxy-J5-J500M-8GB-GSM-4G-LTE-Android-Smartphone-Unlocked/47926374,Unlocked,8 GB,
1008,Samsung Galaxy J5,Samsung Galaxy J5 Dual SIM SM J500H Black International Model Factory Unlocked GSM Mobile Phone,https://www.walmart.com/ip/Samsung-Galaxy-J5-Dual-SIM-SM-J500H-Black-International-Model-Factory-Unlocked-GSM-Mobile-Phone/49301217,Unlocked,,
1008,Samsung Galaxy J5,Samsung Galaxy J5 LTE SM J500M White International Model Factory Unlocked GSM Mobile Phone,https://www.walmart.com/ip/Samsung-Galaxy-J5-LTE-SM-J500M-White-International-Model-Factory-Unlocked-GSM-Mobile-Phone/49301211,Unlocked,,
1008,Samsung Galaxy J5,Samsung Galaxy J5 J500M 8GB Unlocked GSM 4G LTE Android Cell Phone White,https://www.walmart.com/ip/Samsung-Galaxy-J5-J500M-8GB-Unlocked-GSM-4G-LTE-Android-Cell-Phone-White/129351541,Unlocked,8 GB,
1008,Samsung Galaxy J5,Samsung Galaxy J5 LTE SM J500M Gold International Model Factory Unlocked GSM Mobile Phone,https://www.walmart.com/ip/Samsung-Galaxy-J5-LTE-SM-J500M-Gold-International-Model-Factory-Unlocked-GSM-Mobile-Phone/49301153,Unlocked,,
1008,Samsung Galaxy J5,Samsung Galaxy J5 Dual SIM SM J500H White International Model Factory Unlocked GSM Mobile Phone,https://www.walmart.com/ip/Samsung-Galaxy-J5-Dual-SIM-SM-J500H-White-International-Model-Factory-Unlocked-GSM-Mobile-Phone/49299387,Unlocked,,
1009,Moto G (3rd gen),Moto G 3rd Gen 16GB Unlocked Smart Phone,https://www.walmart.com/ip/Moto-G-3rd-Gen-16GB-Unlocked-Smart-Phone/51769506,Unlocked,16 GB,
1009,Moto G (3rd gen),Motorola Moto G 3rd Gen Smartphone Unlocked,https://www.walmart.com/ip/Motorola-Moto-G-3rd-Gen-Smartphone-Unlocked/48033038,Unlocked,,
1009,Moto G (3rd gen),Motorola Moto G 3rd Gen Smartphone Unlocked,https://www.walmart.com/ip/Motorola-Moto-G-3rd-Gen-Smartphone-Unlocked/48033037,Unlocked,,
1009,Moto G (3rd gen),Moto G 3rd Gen Unlocked 8GB,https://www.walmart.com/ip/Moto-G-3rd-Gen-Unlocked-8GB/51879065,Unlocked,8 GB,
1009,Moto G (3rd gen),Moto G 3rd Gen Unlocked 16GB,https://www.walmart.com/ip/Moto-G-3rd-Gen-Unlocked-16GB/51879066,Unlocked,16 GB,
1045,Samsung Galaxy Note 5,Samsung Galaxy Note 5 N920G 32GB GSM LTE Octa Core Smartphone Unlocked,https://www.walmart.com/ip/Samsung-Galaxy-Note-5-N920G-32GB-GSM-LTE-Octa-Core-Smartphone-Unlocked/47926088,Unlocked,32 GB,
1045,Samsung Galaxy Note 5,Samsung Galaxy Note 5 N920C 32GB GSM Smartphone Unlocked Gold,https://www.walmart.com/ip/Samsung-Galaxy-Note-5-N920C-32GB-GSM-Smartphone-Unlocked-Gold/50154484,Unlocked,32 GB,
1045,Samsung Galaxy Note 5,Samsung Galaxy Note 5 32GB SM N920G Silver International Model Factory Unlocked GSM Mobile Phone,https://www.walmart.com/ip/Samsung-Galaxy-Note-5-32GB-SM-N920G-Silver-International-Model-Factory-Unlocked-GSM-Mobile-Phone/49214542,Unlocked,32 GB,
1045,Samsung Galaxy Note 5,Samsung Galaxy Note 5 SM N920i Black Sapphire International Model w 1 Year Warranty Unlocked GSM Mobile Phone,https://www.walmart.com/ip/Samsung-Galaxy-Note-5-SM-N920i-Black-Sapphire-International-Model-w-1-Year-Warranty-Unlocked-GSM-Mobile-Phone/46618207,Unlocked,,
1045,Samsung Galaxy Note 5,Samsung Galaxy Note 5 32GB SM N920G Black International Model Factory Unlocked GSM Mobile Phone,https://www.walmart.com/ip/Samsung-Galaxy-Note-5-32GB-SM-N920G-Black-International-Model-Factory-Unlocked-GSM-Mobile-Phone/49301156,Unlocked,32 GB,
1045,Samsung Galaxy Note 5,Samsung Galaxy Note 5 32GB SM N920C BLACK International Model Factory Unlocked GSM Mobile Phone,https://www.walmart.com/ip/Samsung-Galaxy-Note-5-32GB-SM-N920C-BLACK-International-Model-Factory-Unlocked-GSM-Mobile-Phone/49301214,Unlocked,32 GB,
1045,Samsung Galaxy Note 5,Samsung Galaxy Note 5 SM N920i Black Sapphire International Model Unlocked GSM Mobile Phone,https://www.walmart.com/ip/Samsung-Galaxy-Note-5-SM-N920i-Black-Sapphire-International-Model-Unlocked-GSM-Mobile-Phone/49299468,Unlocked,,
1045,Samsung Galaxy Note 5,Samsung Galaxy Note 5 SM N920i Silver Titanium International Model Factory Unlocked GSM Mobile Phone,https://www.walmart.com/ip/Samsung-Galaxy-Note-5-SM-N920i-Silver-Titanium-International-Model-Factory-Unlocked-GSM-Mobile-Phone/51659323,Unlocked,,
1045,Samsung Galaxy Note 5,Samsung Galaxy Note 5 SM N920i Black Sapphire International Model Unlocked GSM Mobile Phone,https://www.walmart.com/ip/Samsung-Galaxy-Note-5-SM-N920i-Black-Sapphire-International-Model-Unlocked-GSM-Mobile-Phone/49301151,Unlocked,,
1045,Samsung Galaxy Note 5,Samsung Galaxy Note 5 N920G 32GB Unlocked GSM LTE Octa Core Phone Silver,https://www.walmart.com/ip/Samsung-Galaxy-Note-5-N920G-32GB-Unlocked-GSM-LTE-Octa-Core-Phone-Silver/193384580,Unlocked,32 GB,
1046,Sony Xperia C5 Ultra,Sony Xperia C5 Ultra E5506 GSM Smartphone Unlocked,https://www.walmart.com/ip/Sony-Xperia-C5-Ultra-E5506-GSM-Smartphone-Unlocked/50159803,Unlocked,,
1058,Apple iphone 6s,Refurbished Apple iPhone 6S 16GB GSM Smartphone Unlocked,https://www.walmart.com/ip/Refurbished-Apple-iPhone-6S-16GB-GSM-Smartphone-Unlocked/50909930,Refurbished,16 GB,
1058,Apple iphone 6s,Apple iPhone 6s 16GB GSM 4G LTE 12MP Smartphone Unlocked Gold,https://www.walmart.com/ip/Apple-iPhone-6s-16GB-GSM-4G-LTE-12MP-Smartphone-Unlocked-Gold/47069723,Unlocked,16 GB,
1058,Apple iphone 6s,Refurbished Apple iPhone 6S 64GB GSM Smartphone Unlocked,https://www.walmart.com/ip/Refurbished-Apple-iPhone-6S-64GB-GSM-Smartphone-Unlocked/50909932,Refurbished,64 GB,
1058,Apple iphone 6s,Apple iPhone 6s 64GB GSM 4G LTE 12MP Smartphone Unlocked Space Gray,https://www.walmart.com/ip/Apple-iPhone-6s-64GB-GSM-4G-LTE-12MP-Smartphone-Unlocked-Space-Gray/47069724,Unlocked,64 GB,
1058,Apple iphone 6s,Refurbished Apple iPhone 6S 128GB GSM Smartphone Unlocked,https://www.walmart.com/ip/Refurbished-Apple-iPhone-6S-128GB-GSM-Smartphone-Unlocked/50909946,Refurbished,128 GB,
1058,Apple iphone 6s,Grade B Refurbished Apple iPhone 6S GB GSM Smartphone Unlocked 16GB 32GB 128GB Space Gray Gold And Silver White,https://www.walmart.com/ip/Grade-B-Refurbished-Apple-iPhone-6S-GB-GSM-Smartphone-Unlocked-16GB-32GB-128GB-Space-Gray-Gold-And-Silver-White/52638840,Refurbished,16 GB,
1058,Apple iphone 6s,Refurbished Apple iPhone 6S 16GB GSM Smartphone Unlocked Silver,https://www.walmart.com/ip/Refurbished-Apple-iPhone-6S-16GB-GSM-Smartphone-Unlocked-Silver/123357591,Refurbished,16 GB,
1058,Apple iphone 6s,Refurbished Apple iPhone 6S 64GB GSM Smartphone Unlocked Rose Gold,https://www.walmart.com/ip/Refurbished-Apple-iPhone-6S-64GB-GSM-Smartphone-Unlocked-Rose-Gold/117242303,Refurbished,64 GB,
1058,Apple iphone 6s,Apple iPhone 6S 16GB 4.7 Rose Gold New Sealed Factory Unlocked MKR22LLA A1688,https://www.walmart.com/ip/Apple-iPhone-6S-16GB-4.7-Rose-Gold-New-Sealed-Factory-Unlocked-MKR22LLA-A1688/47345076,Unlocked,16 GB,
1058,Apple iphone 6s,Apple iPhone 6S 64GB 4.7 Rose Gold New Factory Unlocked MKR62LLA A1688,https://www.walmart.com/ip/Apple-iPhone-6S-64GB-4.7-Rose-Gold-New-Factory-Unlocked-MKR62LLA-A1688/47308031,Unlocked,64 GB,
1058,Apple iphone 6s,Apple iPhone 6s 128GB GSM 4G LTE 12MP Smartphone Unlocked Space Gray,https://www.walmart.com/ip/Apple-iPhone-6s-128GB-GSM-4G-LTE-12MP-Smartphone-Unlocked-Space-Gray/47069728,Unlocked,128 GB,
1058,Apple iphone 6s,Refurbished Apple iPhone 6S 16GB GSM Smartphone Unlocked Rose Gold,https://www.walmart.com/ip/Refurbished-Apple-iPhone-6S-16GB-GSM-Smartphone-Unlocked-Rose-Gold/186116849,Refurbished,16 GB,
1058,Apple iphone 6s,Refurbished Apple iPhone 6S 64GB GSM Smartphone Unlocked Silver,https://www.walmart.com/ip/Refurbished-Apple-iPhone-6S-64GB-GSM-Smartphone-Unlocked-Silver/125165916,Refurbished,64 GB,
1058,Apple iphone 6s,Refurbished Apple iPhone 6S 128GB GSM Smartphone Unlocked Silver,https://www.walmart.com/ip/Refurbished-Apple-iPhone-6S-128GB-GSM-Smartphone-Unlocked-Silver/103031726,Refurbished,128 GB,
1058,Apple iphone 6s,Apple iPhone 6s 128GB GSM 4G LTE 12MP Smartphone Unlocked Silver,https://www.walmart.com/ip/Apple-iPhone-6s-128GB-GSM-4G-LTE-12MP-Smartphone-Unlocked-Silver/47069730,Unlocked,128 GB,
1058,Apple iphone 6s,Certified Pre Owned Apple iPhone 6s Smartphone Unlocked,https://www.walmart.com/ip/Certified-Pre-Owned-Apple-iPhone-6s-Smartphone-Unlocked/53970816,Unlocked,,
1058,Apple iphone 6s,Certified Pre Owned Apple iPhone 6s Smartphone Unlocked,https://www.walmart.com/ip/Certified-Pre-Owned-Apple-iPhone-6s-Smartphone-Unlocked/53970828,Unlocked,,
1058,Apple iphone 6s,Certified Pre Owned Apple iPhone 6s Smartphone Unlocked,https://www.walmart.com/ip/Certified-Pre-Owned-Apple-iPhone-6s-Smartphone-Unlocked/53970826,Unlocked,,
1058,Apple iphone 6s,Certified Pre Owned Apple iPhone 6s Smartphone Unlocked,https://www.walmart.com/ip/Certified-Pre-Owned-Apple-iPhone-6s-Smartphone-Unlocked/53970817,Unlocked,,
1058,Apple iphone 6s,Certified Pre Owned Apple iPhone 6s Smartphone Unlocked,https://www.walmart.com/ip/Certified-Pre-Owned-Apple-iPhone-6s-Smartphone-Unlocked/53970812,Unlocked,,
1058,Apple iphone 6s,Certified Pre Owned Apple iPhone 6s Smartphone Unlocked,https://www.walmart.com/ip/Certified-Pre-Owned-Apple-iPhone-6s-Smartphone-Unlocked/53970814,Unlocked,,
1058,Apple iphone 6s,Apple iPhone 6s 16GB GSM 4G LTE 12MP Smartphone Unlocked Space Gray,https://www.walmart.com/ip/Apple-iPhone-6s-16GB-GSM-4G-LTE-12MP-Smartphone-Unlocked-Space-Gray/47069718,Unlocked,16 GB,
1058,Apple iphone 6s,Apple iPhone 6s 64GB GSM 4G LTE 12MP Smartphone Unlocked Silver,https://www.walmart.com/ip/Apple-iPhone-6s-64GB-GSM-4G-LTE-12MP-Smartphone-Unlocked-Silver/47069722,Unlocked,64 GB,
1058,Apple iphone 6s,Refurbished Apple iPhone 6S 16GB GSM Smartphone Unlocked Gold,https://www.walmart.com/ip/Refurbished-Apple-iPhone-6S-16GB-GSM-Smartphone-Unlocked-Gold/171090276,Refurbished,16 GB,
1058,Apple iphone 6s,Refurbished Apple iPhone 6S 64GB GSM Smartphone Unlocked Gold,https://www.walmart.com/ip/Refurbished-Apple-iPhone-6S-64GB-GSM-Smartphone-Unlocked-Gold/182753400,Refurbished,64 GB,
1058,Apple iphone 6s,Refurbished Apple iPhone 6S 128GB GSM Smartphone Unlocked Rose Gold,https://www.walmart.com/ip/Refurbished-Apple-iPhone-6S-128GB-GSM-Smartphone-Unlocked-Rose-Gold/180379683,Refurbished,128 GB,
1058,Apple iphone 6s,Refurbished Apple iPhone 6S 128GB GSM Smartphone Unlocked Space Gray,https://www.walmart.com/ip/Refurbished-Apple-iPhone-6S-128GB-GSM-Smartphone-Unlocked-Space-Gray/164834969,Refurbished,128 GB,
1059,Apple iphone 6s Plus,Refurbished Apple iPhone 6S Plus 64GB GSM Smartphone Unlocked,https://www.walmart.com/ip/Refurbished-Apple-iPhone-6S-Plus-64GB-GSM-Smartphone-Unlocked/50909942,Refurbished,64 GB,
1059,Apple iphone 6s Plus,Apple iPhone 6s Plus 64GB GSM 4G LTE 12MP Smartphone Unlocked Silver,https://www.walmart.com/ip/Apple-iPhone-6s-Plus-64GB-GSM-4G-LTE-12MP-Smartphone-Unlocked-Silver/47069737,Unlocked,64 GB,
1059,Apple iphone 6s Plus,Refurbished Apple iPhone 6S Plus 16GB GSM Smartphone Unlocked,https://www.walmart.com/ip/Refurbished-Apple-iPhone-6S-Plus-16GB-GSM-Smartphone-Unlocked/50909944,Refurbished,16 GB,
1059,Apple iphone 6s Plus,Apple iPhone 6s Plus 128GB GSM 4G LTE 12MP Smartphone Unlocked Space Gray,https://www.walmart.com/ip/Apple-iPhone-6s-Plus-128GB-GSM-4G-LTE-12MP-Smartphone-Unlocked-Space-Gray/47069744,Unlocked,128 GB,
1059,Apple iphone 6s Plus,Apple iPhone 6s Plus 128GB GSM 4G LTE 12MP Smartphone Unlocked Rose Gold,https://www.walmart.com/ip/Apple-iPhone-6s-Plus-128GB-GSM-4G-LTE-12MP-Smartphone-Unlocked-Rose-Gold/47069743,Unlocked,128 GB,
1059,Apple iphone 6s Plus,Certified Pre Owned Apple iPhone 6s Plus Smartphone Unlocked,https://www.walmart.com/ip/Certified-Pre-Owned-Apple-iPhone-6s-Plus-Smartphone-Unlocked/53970824,Unlocked,,
1059,Apple iphone 6s Plus,Refurbished Apple iPhone 6S Plus 128GB GSM Smartphone Unlocked,https://www.walmart.com/ip/Refurbished-Apple-iPhone-6S-Plus-128GB-GSM-Smartphone-Unlocked/50909957,Refurbished,128 GB,
1059,Apple iphone 6s Plus,Certified Pre Owned Apple iPhone 6s Plus Smartphone Unlocked,https://www.walmart.com/ip/Certified-Pre-Owned-Apple-iPhone-6s-Plus-Smartphone-Unlocked/53970818,Unlocked,,
1059,Apple iphone 6s Plus,Certified Pre Owned Apple iPhone 6s Plus Smartphone Unlocked,https://www.walmart.com/ip/Certified-Pre-Owned-Apple-iPhone-6s-Plus-Smartphone-Unlocked/53970852,Unlocked,,
1059,Apple iphone 6s Plus,Certified Pre Owned Apple iPhone 6s Plus Smartphone Unlocked,https://www.walmart.com/ip/Certified-Pre-Owned-Apple-iPhone-6s-Plus-Smartphone-Unlocked/53970829,Unlocked,,
1059,Apple iphone 6s Plus,Apple iPhone 6s Plus 16GB GSM 4G LTE 12MP Smartphone Unlocked Space Gray,https://www.walmart.com/ip/Apple-iPhone-6s-Plus-16GB-GSM-4G-LTE-12MP-Smartphone-Unlocked-Space-Gray/47069742,Unlocked,16 GB,
1059,Apple iphone 6s Plus,Apple iPhone 6s Plus 64GB GSM 4G LTE 12MP Smartphone Unlocked Space Gray,https://www.walmart.com/ip/Apple-iPhone-6s-Plus-64GB-GSM-4G-LTE-12MP-Smartphone-Unlocked-Space-Gray/47069740,Unlocked,64 GB,
1059,Apple iphone 6s Plus,Refurbished Apple iPhone 6S Plus 16GB GSM Smartphone Unlocked Space Gray,https://www.walmart.com/ip/Refurbished-Apple-iPhone-6S-Plus-16GB-GSM-Smartphone-Unlocked-Space-Gray/166331239,Refurbished,16 GB,
1059,Apple iphone 6s Plus,Refurbished Apple iPhone 6S Plus 16GB GSM Smartphone Unlocked Rose Gold,https://www.walmart.com/ip/Refurbished-Apple-iPhone-6S-Plus-16GB-GSM-Smartphone-Unlocked-Rose-Gold/157284621,Refurbished,16 GB,
1059,Apple iphone 6s Plus,Refurbished Apple iPhone 6S Plus 16GB GSM Smartphone Unlocked Gold,https://www.walmart.com/ip/Refurbished-Apple-iPhone-6S-Plus-16GB-GSM-Smartphone-Unlocked-Gold/145468593,Refurbished,16 GB,
1059,Apple iphone 6s Plus,Refurbished Apple iPhone 6S Plus 128GB GSM Smartphone Unlocked Silver,https://www.walmart.com/ip/Refurbished-Apple-iPhone-6S-Plus-128GB-GSM-Smartphone-Unlocked-Silver/172010730,Refurbished,128 GB,
1059,Apple iphone 6s Plus,Refurbished Apple iPhone 6S Plus 128GB GSM Smartphone Unlocked Rose Gold,https://www.walmart.com/ip/Refurbished-Apple-iPhone-6S-Plus-128GB-GSM-Smartphone-Unlocked-Rose-Gold/148541580,Refurbished,128 GB,
1059,Apple iphone 6s Plus,Refurbished Apple iPhone 6S Plus 128GB GSM Smartphone Unlocked Gold,https://www.walmart.com/ip/Refurbished-Apple-iPhone-6S-Plus-128GB-GSM-Smartphone-Unlocked-Gold/128832674,Refurbished,128 GB,
1060,Sony Xperia Z5 Compact,Sony Xperia Z5 Compact E5803 GSM Smartphone Unlocked,https://www.walmart.com/ip/Sony-Xperia-Z5-Compact-E5803-GSM-Smartphone-Unlocked/50160383,Unlocked,,
1062,Samsung Galaxy J2,Samsung Galaxy J2 J200M GSM Smartphone Unlocked,https://www.walmart.com/ip/Samsung-Galaxy-J2-J200M-GSM-Smartphone-Unlocked/50160311,Unlocked,,
1062,Samsung Galaxy J2,Samsung Galaxy J2 LTE SM J200M Black International Model Factory Unlocked GSM Mobile Phone,https://www.walmart.com/ip/Samsung-Galaxy-J2-LTE-SM-J200M-Black-International-Model-Factory-Unlocked-GSM-Mobile-Phone/49301067,Unlocked,,
1062,Samsung Galaxy J2,Samsung Galaxy J2 Duos LTE Unlocked Galaxy J2 Duos LTE Unlocked 8GB White,https://www.walmart.com/ip/Samsung-Galaxy-J2-Duos-LTE-Unlocked-Galaxy-J2-Duos-LTE-Unlocked-8GB-White/51659828,Unlocked,8 GB,
1080,LG Nexus 5X,LG Nexus 5X H790 16GB GSM CDMA Smartphone Unlocked,https://www.walmart.com/ip/LG-Nexus-5X-H790-16GB-GSM-CDMA-Smartphone-Unlocked/50160340,Unlocked,16 GB,
1083,Huawei Nexus 6P,Huawei Nexus 6P 64GB GSM Android Smartphone Unlocked,https://www.walmart.com/ip/Huawei-Nexus-6P-64GB-GSM-Android-Smartphone-Unlocked/52589583,Unlocked,64 GB,
1083,Huawei Nexus 6P,Huawei Nexus 6P 32GB GSM Smartphone Unlocked,https://www.walmart.com/ip/Huawei-Nexus-6P-32GB-GSM-Smartphone-Unlocked/50160415,Unlocked,32 GB,
1083,Huawei Nexus 6P,Huawei Nexus 6P 128GB GSM Android Smartphone Unlocked,https://www.walmart.com/ip/Huawei-Nexus-6P-128GB-GSM-Android-Smartphone-Unlocked/52589566,Unlocked,128 GB,
1083,Huawei Nexus 6P,Huawei Nexus 6P 64GB GSM Smartphone Unlocked Aluminium,https://www.walmart.com/ip/Huawei-Nexus-6P-64GB-GSM-Smartphone-Unlocked-Aluminium/50154474,Unlocked,64 GB,
1083,Huawei Nexus 6P,Huawei Nexus 6P 32GB GSM Android Smartphone Unlocked Gold,https://www.walmart.com/ip/Huawei-Nexus-6P-32GB-GSM-Android-Smartphone-Unlocked-Gold/52589498,Unlocked,32 GB,
1129,BlackBerry Priv,AT T BlackBerry Priv STV100 1 Android Slider Cell Phone Unlocked Black,https://www.walmart.com/ip/AT-T-BlackBerry-Priv-STV100-1-Android-Slider-Cell-Phone-Unlocked-Black/52589497,Carrier,,
1129,BlackBerry Priv,BlackBerry Priv STV100 1 GSM Slider Android Smartphone Unlocked,https://www.walmart.com/ip/BlackBerry-Priv-STV100-1-GSM-Slider-Android-Smartphone-Unlocked/47920253,Unlocked,,
1162,HTC One A9,HTC One A9 32GB Smartphone Unlocked Carbon Gray,https://www.walmart.com/ip/HTC-One-A9-32GB-Smartphone-Unlocked-Carbon-Gray/51756840,Unlocked,32 GB,
1162,HTC One A9,HTC One A9 32GB GSM LTE Octa Core Android 6.0 Smartphone Unlocked,https://www.walmart.com/ip/HTC-One-A9-32GB-GSM-LTE-Octa-Core-Android-6.0-Smartphone-Unlocked/47926354,Unlocked,32 GB,
1310,Samsung Galaxy J3,Samsung Galaxy J3 2016 J320M GSM Smartphone Unlocked White,https://www.walmart.com/ip/Samsung-Galaxy-J3-2016-J320M-GSM-Smartphone-Unlocked-White/53970834,Unlocked,,
1310,Samsung Galaxy J3,Samsung Galaxy J3 2016 J320M GSM Smartphone Unlocked Black,https://www.walmart.com/ip/Samsung-Galaxy-J3-2016-J320M-GSM-Smartphone-Unlocked-Black/53970833,Unlocked,,
1310,Samsung Galaxy J3,Samsung Galaxy J3 LTE Duos GOLD Galaxy J3 LTE Duos,https://www.walmart.com/ip/Samsung-Galaxy-J3-LTE-Duos-GOLD-Galaxy-J3-LTE-Duos/51990028,Unlocked,,
1310,Samsung Galaxy J3,Samsung GALAXY J3 2016 J320M Unlocked GSM Phone White,https://www.walmart.com/ip/Samsung-GALAXY-J3-2016-J320M-Unlocked-GSM-Phone-White/174594096,Unlocked,,
1317,Samsung Galaxy J1 4G,Samsung Galaxy J1 LTE J120M Duos GSM Smartphone Unlocked White,https://www.walmart.com/ip/Samsung-Galaxy-J1-LTE-J120M-Duos-GSM-Smartphone-Unlocked-White/50154470,Unlocked,,
1317,Samsung Galaxy J1 4G,Samsung Galaxy J1 LTE J120M Duos GSM Smartphone Unlocked Black,https://www.walmart.com/ip/Samsung-Galaxy-J1-LTE-J120M-Duos-GSM-Smartphone-Unlocked-Black/50154468,Unlocked,,
1317,Samsung Galaxy J1 4G,Samsung Galaxy J1 LTE J120M Duos GSM Smartphone Unlocked Gold,https://www.walmart.com/ip/Samsung-Galaxy-J1-LTE-J120M-Duos-GSM-Smartphone-Unlocked-Gold/50154469,Unlocked,,
1378,Samsung Galaxy A7 (2016),Samsung Galaxy A7 Duos BLACK Galaxy A7 Duos 16GB 4G,https://www.walmart.com/ip/Samsung-Galaxy-A7-Duos-BLACK-Galaxy-A7-Duos-16GB-4G/51990532,Unlocked,16 GB,
1396,Huawei Honor 5X,Certified Pre Owned Huawei Honor 5X Smartphone Unlocked,https://www.walmart.com/ip/Certified-Pre-Owned-Huawei-Honor-5X-Smartphone-Unlocked/53753336,Unlocked,,
1469,Samsung Galaxy S7,Samsung Galaxy S7 32GB SM G930 Gold Platinum International Model Unlocked GSM Mobile Phone,https://www.walmart.com/ip/Samsung-Galaxy-S7-32GB-SM-G930-Gold-Platinum-International-Model-Unlocked-GSM-Mobile-Phone/51660002,Unlocked,32 GB,
1469,Samsung Galaxy S7,Samsung Galaxy S7 32GB SM G930 Silver International Model Unlocked GSM Mobile Phone,https://www.walmart.com/ip/Samsung-Galaxy-S7-32GB-SM-G930-Silver-International-Model-Unlocked-GSM-Mobile-Phone/51659817,Unlocked,32 GB,
1469,Samsung Galaxy S7,Samsung Galaxy S7 32GB SM G930 Black Onyx International Model Unlocked GSM Mobile Phone,https://www.walmart.com/ip/Samsung-Galaxy-S7-32GB-SM-G930-Black-Onyx-International-Model-Unlocked-GSM-Mobile-Phone/51686349,Unlocked,32 GB,
1469,Samsung Galaxy S7,Samsung Galaxy S7 Factory Unlocked Phone 32 GB Internationally sourced version G930F Platinum Gold,https://www.walmart.com/ip/Samsung-Galaxy-S7-Factory-Unlocked-Phone-32-GB-Internationally-sourced-version-G930F-Platinum-Gold/104212682,Unlocked,32 GB,
1469,Samsung Galaxy S7,Samsung Galaxy S7 Factory Unlocked Phone 32 GB Internationally sourced version G930F Titanium Silver,https://www.walmart.com/ip/Samsung-Galaxy-S7-Factory-Unlocked-Phone-32-GB-Internationally-sourced-version-G930F-Titanium-Silver/124765029,Unlocked,32 GB,
1469,Samsung Galaxy S7,Samsung Galaxy S7 Factory Unlocked Phone 32 GB Internationally sourced version G930F Black Oynx,https://www.walmart.com/ip/Samsung-Galaxy-S7-Factory-Unlocked-Phone-32-GB-Internationally-sourced-version-G930F-Black-Oynx/131608485,Unlocked,32 GB,
1470,Samsung Galaxy S7 Edge,Samsung Galaxy S7 Edge 32GB SM G935 Black Onyx International Model Unlocked GSM Mobile Phone,https://www.walmart.com/ip/Samsung-Galaxy-S7-Edge-32GB-SM-G935-Black-Onyx-International-Model-Unlocked-GSM-Mobile-Phone/51660377,Unlocked,32 GB,
1470,Samsung Galaxy S7 Edge,Samsung Galaxy S7 Edge 32GB SM G935 Gold Platinum International Model Unlocked GSM Mobile Phone,https://www.walmart.com/ip/Samsung-Galaxy-S7-Edge-32GB-SM-G935-Gold-Platinum-International-Model-Unlocked-GSM-Mobile-Phone/51657097,Unlocked,32 GB,
1470,Samsung Galaxy S7 Edge,Samsung Galaxy S7 edge G935F 32GB GSM Smartphone Unlocked Black,https://www.walmart.com/ip/Samsung-Galaxy-S7-edge-G935F-32GB-GSM-Smartphone-Unlocked-Black/51756888,Unlocked,32 GB,
1470,Samsung Galaxy S7 Edge,Samsung Galaxy S7 Edge 32GB SM G935 Silver International Model Unlocked GSM Mobile Phone,https://www.walmart.com/ip/Samsung-Galaxy-S7-Edge-32GB-SM-G935-Silver-International-Model-Unlocked-GSM-Mobile-Phone/51662855,Unlocked,32 GB,
1470,Samsung Galaxy S7 Edge,Samsung Galaxy S7 Edge G935F 32GB Unlocked Octa Core GSM Phone Gold,https://www.walmart.com/ip/Samsung-Galaxy-S7-Edge-G935F-32GB-Unlocked-Octa-Core-GSM-Phone-Gold/154685618,Unlocked,32 GB,
1470,Samsung Galaxy S7 Edge,Refurbished Samsung Galaxy S7 Edge G935F 32GB Single Sim Unlocked Phone Gold,https://www.walmart.com/ip/Refurbished-Samsung-Galaxy-S7-Edge-G935F-32GB-Single-Sim-Unlocked-Phone-Gold/197751413,Refurbished,32 GB,
1473,LG G5,Certified Pre Owned LG G5 Smartphone Unlocked,https://www.walmart.com/ip/Certified-Pre-Owned-LG-G5-Smartphone-Unlocked/53753313,Unlocked,,
1473,LG G5,Certified Pre Owned LG G5 Smartphone Unlocked,https://www.walmart.com/ip/Certified-Pre-Owned-LG-G5-Smartphone-Unlocked/53753315,Unlocked,,
1480,Sony Xperia XA,Sony Xperia XA F3113 16GB GSM Android Smartphone Unlocked White,https://www.walmart.com/ip/Sony-Xperia-XA-F3113-16GB-GSM-Android-Smartphone-Unlocked-White/53970860,Unlocked,16 GB,
1480,Sony Xperia XA,Sony Xperia XA F3113 16GB GSM Android Smartphone Unlocked Rose Gold,https://www.walmart.com/ip/Sony-Xperia-XA-F3113-16GB-GSM-Android-Smartphone-Unlocked-Rose-Gold/53970866,Unlocked,16 GB,
1480,Sony Xperia XA,Sony Xperia XA F3113 16GB GSM Android Smartphone Unlocked Lime Gold,https://www.walmart.com/ip/Sony-Xperia-XA-F3113-16GB-GSM-Android-Smartphone-Unlocked-Lime-Gold/53970863,Unlocked,16 GB,
1480,Sony Xperia XA,Sony Xperia XA 16GB Smartphone Unlocked White,https://www.walmart.com/ip/Sony-Xperia-XA-16GB-Smartphone-Unlocked-White/53970837,Unlocked,16 GB,
1481,Apple iPhone SE,Apple iPhone SE 4G 16GB LTE Unlocked Smartphone Space Grey,https://www.walmart.com/ip/Apple-iPhone-SE-4G-16GB-LTE-Unlocked-Smartphone-Space-Grey/54188796,Unlocked,16 GB,
1481,Apple iPhone SE,Apple iPhone SE 16GB Silver LTE Cellular Unlocked Refurbished,https://www.walmart.com/ip/Apple-iPhone-SE-16GB-Silver-LTE-Cellular-Unlocked-Refurbished/54500386,Refurbished,16 GB,
1481,Apple iPhone SE,Refurbished Apple iPhone SE 64GB LTE Cellular Silver,https://www.walmart.com/ip/Refurbished-Apple-iPhone-SE-64GB-LTE-Cellular-Silver/54316466,Refurbished,64 GB,
1490,Sony Xperia X Performance,Sony Xperia X Performance F8131 32GB GSM 23MP Camera Smartphone Unlocked Graphite Black,https://www.walmart.com/ip/Sony-Xperia-X-Performance-F8131-32GB-GSM-23MP-Camera-Smartphone-Unlocked-Graphite-Black/53970864,Unlocked,32 GB,
1490,Sony Xperia X Performance,Sony Xperia X Performance F8131 32GB GSM 23MP Camera Smartphone Unlocked White,https://www.walmart.com/ip/Sony-Xperia-X-Performance-F8131-32GB-GSM-23MP-Camera-Smartphone-Unlocked-White/53970865,Unlocked,32 GB,
1490,Sony Xperia X Performance,Sony Xperia X Performance F8131 32GB GSM 23MP Camera Smartphone Unlocked Lime,https://www.walmart.com/ip/Sony-Xperia-X-Performance-F8131-32GB-GSM-23MP-Camera-Smartphone-Unlocked-Lime/54486064,Unlocked,32 GB,
1490,Sony Xperia X Performance,Sony Xperia X Performance F8131 32GB GSM 23MP Camera Smartphone Unlocked Rose,https://www.walmart.com/ip/Sony-Xperia-X-Performance-F8131-32GB-GSM-23MP-Camera-Smartphone-Unlocked-Rose/54486063,Unlocked,32 GB,
1524,Apple iPhone 3GS,Refurbished Apple iPhone 3GS 8GB iOS Unlocked GSM Smartphone,https://www.walmart.com/ip/Refurbished-Apple-iPhone-3GS-8GB-iOS-Unlocked-GSM-Smartphone/50922932,Refurbished,8 GB,
1588,Moto G (4th Gen),Motorola Moto G4 16GB Smartphone Unlocked Black,https://www.walmart.com/ip/Motorola-Moto-G4-16GB-Smartphone-Unlocked-Black/52328570,Unlocked,16 GB,
1588,Moto G (4th Gen),Motorola Moto G4 32GB Smartphone Unlocked Black,https://www.walmart.com/ip/Motorola-Moto-G4-32GB-Smartphone-Unlocked-Black/52328569,Unlocked,32 GB,
1592,Moto G4 Plus,Motorola Moto G4 Plus 16GB Smartphone Unlocked Black,https://www.walmart.com/ip/Motorola-Moto-G4-Plus-16GB-Smartphone-Unlocked-Black/52328566,Unlocked,16 GB,
1592,Moto G4 Plus,Motorola Moto G4 Plus 64GB Smartphone Unlocked Black,https://www.walmart.com/ip/Motorola-Moto-G4-Plus-64GB-Smartphone-Unlocked-Black/52328565,Unlocked,64 GB,
1593,Sony Xperia XA Ultra,Sony Xperia XA Ultra F3213 16GB GSM 21MP Camera Smartphone Unlocked Lime Gold,https://www.walmart.com/ip/Sony-Xperia-XA-Ultra-F3213-16GB-GSM-21MP-Camera-Smartphone-Unlocked-Lime-Gold/53970855,Unlocked,16 GB,
1593,Sony Xperia XA Ultra,Sony Xperia XA Ultra F3213 16GB GSM 21MP Camera Smartphone Unlocked White,https://www.walmart.com/ip/Sony-Xperia-XA-Ultra-F3213-16GB-GSM-21MP-Camera-Smartphone-Unlocked-White/53970858,Unlocked,16 GB,
1593,Sony Xperia XA Ultra,Sony Xperia XA Ultra F3213 16GB GSM 21MP Camera Smartphone Unlocked Black,https://www.walmart.com/ip/Sony-Xperia-XA-Ultra-F3213-16GB-GSM-21MP-Camera-Smartphone-Unlocked-Black/54486067,Unlocked,16 GB,
1760,Moto X pure,Motorola Moto X Pure Edition Smartphone Unlocked,https://www.walmart.com/ip/Motorola-Moto-X-Pure-Edition-Smartphone-Unlocked/48024927,Unlocked,,
1760,Moto X pure,Motorola Moto X Pure Edition Smartphone Unlocked,https://www.walmart.com/ip/Motorola-Moto-X-Pure-Edition-Smartphone-Unlocked/48024928,Unlocked,,
1761,Samsung Galaxy S3 Mini,Samsung Galaxy S3 mini G730a AT T Android Smartphone Blue,https://www.walmart.com/ip/Samsung-Galaxy-S3-mini-G730a-AT-T-Android-Smartphone-Blue/39081768,Carrier,,
1752,BLU Advance 4.0,BLU Advance 4.0 L A010u GSM Dual SIM HSPA Android Smartphone Unlocked,https://www.walmart.com/ip/BLU-Advance-4.0-L-A010u-GSM-Dual-SIM-HSPA-Android-Smartphone-Unlocked/45799649,Unlocked,,
1755,BLU Studio 6.0 HD,BLU Studio 6.0 HD D65IU GSM Dual SIM Quad Core Smartphone Unlocked,https://www.walmart.com/ip/BLU-Studio-6.0-HD-D65IU-GSM-Dual-SIM-Quad-Core-Smartphone-Unlocked/42287065,Unlocked,,
1755,BLU Studio 6.0 HD,Refurbished BLU Studio 6.0 HD D651u GSM Smartphone Unlocked Black,https://www.walmart.com/ip/Refurbished-BLU-Studio-6.0-HD-D651u-GSM-Smartphone-Unlocked-Black/51756143,Refurbished,,
1756,BLU Studio Selfie 2,BLU Studio Selfie 2 S250Q GSM Smartphone Unlocked,https://www.walmart.com/ip/BLU-Studio-Selfie-2-S250Q-GSM-Smartphone-Unlocked/54290250,Unlocked,,
1757,BLU VIVO 5,BLU VIVO 5 V0050UU GSM Smartphone Unlocked Gold,https://www.walmart.com/ip/BLU-VIVO-5-V0050UU-GSM-Smartphone-Unlocked-Gold/51756075,Unlocked,,
1757,BLU VIVO 5,BLU VIVO 5 V0050UU GSM Smartphone Unlocked Silver,https://www.walmart.com/ip/BLU-VIVO-5-V0050UU-GSM-Smartphone-Unlocked-Silver/51756078,Unlocked,,
1758,BLU Vivo XL,BLU VIVO XL V0030UU GSM Smartphone Unlocked Gold,https://www.walmart.com/ip/BLU-VIVO-XL-V0030UU-GSM-Smartphone-Unlocked-Gold/51756073,Unlocked,,
1758,BLU Vivo XL,BLU VIVO XL V0030UU GSM Smartphone Unlocked Blue,https://www.walmart.com/ip/BLU-VIVO-XL-V0030UU-GSM-Smartphone-Unlocked-Blue/51756074,Unlocked,,
1758,BLU Vivo XL,BLU VIVO XL V0030UU GSM Smartphone Unlocked Silver,https://www.walmart.com/ip/BLU-VIVO-XL-V0030UU-GSM-Smartphone-Unlocked-Silver/51756076,Unlocked,,