buysmaart_id,product_name,source_product_name,source_product_url,Mobile_Variants,memory_variants,Color_variants,memory
16,Apple iPhone 5S,apple iphone 5s 16gb silver unlocked all carriers certified pre owned,http://www.target.com/p/apple-iphone-5s-16gb-silver-unlocked-all-carriers-certified-pre-owned/-/A-51242322&sa=D&ust=1473936289663000&usg=AFQjCNGZvdzVb4h7LXZIbJJOed_nAUT3KA,Unlocked,16 GB,,Silver
16,Apple iPhone 5S,apple iphone 5s 16gb gray unlocked all carriers certified pre owned,http://www.target.com/p/apple-iphone-5s-16gb-gray-unlocked-all-carriers-certified-pre-owned/-/A-51242320&sa=D&ust=1473936289665000&usg=AFQjCNG_1R6dBpm8FK0cI7H6kabowN5mTw,Unlocked,16 GB,,Gray
16,Apple iPhone 5S,apple iphone 5s 16gb gold unlocked all carriers certified pre owned,http://www.target.com/p/apple-iphone-5s-16gb-gold-unlocked-all-carriers-certified-pre-owned/-/A-51242317&sa=D&ust=1473936289666000&usg=AFQjCNFft-8OX5cunu0q1Jk42PV79OIXcA,Unlocked,16 GB,,Gold
17,Apple iPhone 6,apple iphone 6 64gb silver unlocked all carriers certified pre owned,http://www.target.com/p/apple-iphone-6-64gb-silver-unlocked-all-carriers-certified-pre-owned/-/A-51243041&sa=D&ust=1473936289654000&usg=AFQjCNExv1xz1h0Qg6GJ0MjCQg94m5_G0Q,Unlocked,64 GB,,Silver
17,Apple iPhone 6,apple iphone 6 64gb gray unlocked all carriers certified pre owned,http://www.target.com/p/apple-iphone-6-64gb-gray-unlocked-all-carriers-certified-pre-owned/-/A-51243039&sa=D&ust=1473936289656000&usg=AFQjCNGsZOIWXjAOcIj10J2YbNh81UZG5w,Unlocked,64 GB,,Gray
17,Apple iPhone 6,apple iphone 6 16gb silver unlocked all carriers certified pre owned,http://www.target.com/p/apple-iphone-6-16gb-silver-unlocked-all-carriers-certified-pre-owned/-/A-51242636&sa=D&ust=1473936289658000&usg=AFQjCNHyFuhPG6G51z5FmWpxv8AaDo2P0w,Unlocked,16 GB,,Silver
17,Apple iPhone 6,apple iphone 6 16gb gray unlocked all carriers certified pre owned,http://www.target.com/p/apple-iphone-6-16gb-gray-unlocked-all-carriers-certified-pre-owned/-/A-51242634&sa=D&ust=1473936289659000&usg=AFQjCNG-Z9JTyhTcY69kSmfOvMTybxXepw,Unlocked,16 GB,,Gray
17,Apple iPhone 6,apple iphone 6 16gb gold unlocked all carriers certified pre owned,http://www.target.com/p/apple-iphone-6-16gb-gold-unlocked-all-carriers-certified-pre-owned/-/A-51242632&sa=D&ust=1473936289661000&usg=AFQjCNGK_ZPoGzC1mXlW8gFwC9A204rGSw,Unlocked,16 GB,,Gold
18,Apple iPhone 6 Plus,apple iphone 6 plus 128gb gray unlocked all carriers certified pre owned,http://www.target.com/p/apple-iphone-6-plus-128gb-gray-unlocked-all-carriers-certified-pre-owned/-/A-51243107&sa=D&ust=1473936289651000&usg=AFQjCNGIZHoSbP_gYl8mDwIQUedvtJRYEQ,Unlocked,128 GB,,Gray
18,Apple iPhone 6 Plus,apple iphone 6 plus 16gb gray unlocked all carriers certified pre owned,http://www.target.com/p/apple-iphone-6-plus-16gb-gray-unlocked-all-carriers-certified-pre-owned/-/A-51243052&sa=D&ust=1473936289652000&usg=AFQjCNETOHuQsgH_rOCDJx4HCSX3U2pENg,Unlocked,16 GB,,Gray
18,Apple iPhone 6 Plus,apple iphone 6 plus 64gb gold unlocked all carriers certified pre owned,http://www.target.com/p/apple-iphone-6-plus-64gb-gold-unlocked-all-carriers-certified-pre-owned/-/A-51243038&sa=D&ust=1473936289657000&usg=AFQjCNETt0AwfB-TMVhvvSTVs6uCk4aw-A,Unlocked,64 GB,,Gold
38,BlackBerry Passport,blackberry passport 10 3 os factory unlocked cell phone for gsm compatible,http://www.target.com/p/blackberry-passport-10-3-os-factory-unlocked-cell-phone-for-gsm-compatible/-/A-16672481&sa=D&ust=1473936289704000&usg=AFQjCNEREF3x-E0FIEVA3MBUAHE9zu_KJg,Unlocked,32 GB,,
550,Samsung Galaxy Note 4,unlocked samsung galaxy note 4 32g cell phone white,http://www.target.com/p/unlocked-samsung-galaxy-note-4-32g-cell-phone-white/-/A-51237142&sa=D&ust=1473936289668000&usg=AFQjCNEX_EIP3SGdoNmInf_ESq7nuMgqXQ,Unlocked,32 GB,,White
550,Samsung Galaxy Note 4,unlocked samsung galaxy note 4 32g cell phone black,http://www.target.com/p/unlocked-samsung-galaxy-note-4-32g-cell-phone-black/-/A-51232801&sa=D&ust=1473936289668000&usg=AFQjCNENXAPLGUqM4Jf861fc6KNZSTFHjg,Unlocked,32 GB,,Black
550,Samsung Galaxy Note 4,samsung galaxy note 4 n910c 32gb 4g lte unlocked gsm octa core phone black,http://www.target.com/p/samsung-galaxy-note-4-n910c-32gb-4g-lte-unlocked-gsm-octa-core-phone-black/-/A-18791856&sa=D&ust=1473936289696000&usg=AFQjCNHYSqa3pIhp1NSEnWuJPNVPqZkZmA,Unlocked,32 GB,,Black
550,Samsung Galaxy Note 4,samsung galaxy note 4 n910c 32gb 4g lte unlocked gsm octa core phone white,http://www.target.com/p/samsung-galaxy-note-4-n910c-32gb-4g-lte-unlocked-gsm-octa-core-phone-white/-/A-18791854&sa=D&ust=1473936289696000&usg=AFQjCNEAuul304R2rQdOoD7W6ytGUJpHmQ,Unlocked,32 GB,,White
550,Samsung Galaxy Note 4,samsung galaxy note 4 n910a 32gb factory unlocked cell phone for gsm compatible black,http://www.target.com/p/samsung-galaxy-note-4-n910a-32gb-factory-unlocked-cell-phone-for-gsm-compatible-black/-/A-17055692&sa=D&ust=1473936289701000&usg=AFQjCNE308gAHjw0e67WcEaH3cCyjDBJ8Q,Unlocked,32 GB,,Black
550,Samsung Galaxy Note 4,samsung galaxy note 4 n910h 4g hspa factory unlocked cell phone for gsm compatible,http://www.target.com/p/samsung-galaxy-note-4-n910h-4g-hspa-factory-unlocked-cell-phone-for-gsm-compatible/-/A-16672428&sa=D&ust=1473936289704000&usg=AFQjCNG1CVcofPJwChfC0zhWhbli-OYjdg,Unlocked,,,
562,Samsung Galaxy S4 I9500,unlocked samsung galaxy s 4 16gb cell phone white,http://www.target.com/p/unlocked-samsung-galaxy-s-4-16gb-cell-phone-white/-/A-51237202&sa=D&ust=1473936289667000&usg=AFQjCNHuIBrbimMqRzF0EywwPe4YCFm3Ow,Unlocked,16 GB,,White
562,Samsung Galaxy S4 I9500,samsung galaxy s4 i337 16gb 4g lte unlocked gsm cell phone,http://www.target.com/p/samsung-galaxy-s4-i337-16gb-4g-lte-unlocked-gsm-cell-phone/-/A-16792634&sa=D&ust=1473936289703000&usg=AFQjCNHQsvSFWGotW_Q2gnbYQ8pAlrhB1g,Unlocked,16 GB,,
565,Samsung Galaxy S5,samsung galaxy s5 g900a 16gb white unlocked gsm carriers certified pre owned,http://www.target.com/p/samsung-galaxy-s5-g900a-16gb-white-unlocked-gsm-carriers-certified-pre-owned/-/A-51243193&sa=D&ust=1473936289649000&usg=AFQjCNGQfj4R3jDmC5uDm_WWsFBKnoatmw,Unlocked,16 GB,,White
565,Samsung Galaxy S5,samsung galaxy s5 g900a 16gb black unlocked gsm carriers certified pre owned,http://www.target.com/p/samsung-galaxy-s5-g900a-16gb-black-unlocked-gsm-carriers-certified-pre-owned/-/A-51243191&sa=D&ust=1473936289650000&usg=AFQjCNE162fJphZuuNSdzE_7cgxm5cfLQA,Unlocked,16 GB,,Black
565,Samsung Galaxy S5,samsung galaxy s5 g900a 4g lte 16gb unlocked gsm cell phone,http://www.target.com/p/samsung-galaxy-s5-g900a-4g-lte-16gb-unlocked-gsm-cell-phone/-/A-16790346&sa=D&ust=1473936289703000&usg=AFQjCNH9Ch5rhbHqDQ7C86hp81xYCwTcOg,Unlocked,16 GB,,
736,Samsung Galaxy S6,samsung galaxy s6 g920 32gb factory unlocked cell phone for gsm compatible green,http://www.target.com/p/samsung-galaxy-s6-g920-32gb-factory-unlocked-cell-phone-for-gsm-compatible-green/-/A-17294590&sa=D&ust=1473936289697000&usg=AFQjCNEhoWr5e7qR2tXAXhBgUGfVgjSMAg,Unlocked,32 GB,,Green
747,BlackBerry Classic,blackberry classic s factory unlocked cell phone for gsm compatible black,http://www.target.com/p/blackberry-classic-s-factory-unlocked-cell-phone-for-gsm-compatible-black/-/A-17082256&sa=D&ust=1473936289700000&usg=AFQjCNH2jp-IJpMoVpMFVMjD7dB6GuJxXQ,Unlocked,32 GB,,Black
838,Samsung Galaxy S6 edge,samsung galaxy s6 edge g925 32gb factory unlocked cell phone for gsm compatible gold,http://www.target.com/p/samsung-galaxy-s6-edge-g925-32gb-factory-unlocked-cell-phone-for-gsm-compatible-gold/-/A-17295935&sa=D&ust=1473936289697000&usg=AFQjCNEZtaXl1tRQ4LF5jvjOsjoD4BCmmw,Unlocked,32 GB,,Gold
843,Sony Xperia M4 Aqua,unlocked sony xperia m4 aqua e2306 16gb cell phone black,http://www.target.com/p/unlocked-sony-xperia-m4-aqua-e2306-16gb-cell-phone-black/-/A-51372916&sa=D&ust=1473936289629000&usg=AFQjCNFEqMmusMW56fHvHipoKzDbhVdigA,Unlocked,16 GB,,Black
977,LG G4,lg g4 us991ld 32gb gsm unlocked cell phone black leather,http://www.target.com/p/lg-g4-us991ld-32gb-gsm-unlocked-cell-phone-black-leather/-/A-51094197&sa=D&ust=1473936289671000&usg=AFQjCNE1sECAR5TAi3NoiO6JbnFUl2LANw,Unlocked,32 GB,,Black
1045,Samsung Galaxy Note 5,samsung galaxy note 5 n920g 32gb unlocked gsm lte octa core phone,http://www.target.com/p/samsung-galaxy-note-5-n920g-32gb-unlocked-gsm-lte-octa-core-phone/-/A-50390803&sa=D&ust=1473936289684000&usg=AFQjCNEPhlNMmG6FHl-BHfa_URyO7c36mw,Unlocked,32 GB,,
1046,Sony Xperia C5 Ultra,unlocked sony xperia c5 ultra e5506 cell phone white,http://www.target.com/p/unlocked-sony-xperia-c5-ultra-e5506-cell-phone-white/-/A-51372891&sa=D&ust=1473936289629000&usg=AFQjCNFgPY8bfLxA1JnQHB6tgefDfBkrDQ,Unlocked,,,White
1060,Sony Xperia Z5 Compact,unlocked sony xperia z5 compact e5803 32gb cell phone black,http://www.target.com/p/unlocked-sony-xperia-z5-compact-e5803-32gb-cell-phone-black/-/A-51372775&sa=D&ust=1473936289630000&usg=AFQjCNHFLlShod3Y2GrYnXMLuJ4bV_VZpg,Unlocked,32 GB,,Black
1060,Sony Xperia Z5 Compact,unlocked sony xperia z5 compact e5803 32gb cell phone white,http://www.target.com/p/unlocked-sony-xperia-z5-compact-e5803-32gb-cell-phone-white/-/A-51372764&sa=D&ust=1473936289630000&usg=AFQjCNHQBxFxsAaO2bRFOn-hMIqgoBTUIQ,Unlocked,32 GB,,White
1083,Huawei Nexus 6P,unlocked huawei nexus 6p 128gb cell phone graphite,http://www.target.com/p/unlocked-huawei-nexus-6p-128gb-cell-phone-graphite/-/A-51372532&sa=D&ust=1473936289632000&usg=AFQjCNFyzrNrnmU38OQNl4xQqWkpkOJ-aA,Unlocked,128 GB,,Graphite
1083,Huawei Nexus 6P,unlocked huawei nexus 6p 128gb cell phone aluminum,http://www.target.com/p/unlocked-huawei-nexus-6p-128gb-cell-phone-aluminum/-/A-51372530&sa=D&ust=1473936289633000&usg=AFQjCNENLtZ0pTo3HsKtoEzp-bhVCXfQYQ,Unlocked,128 GB,,
1083,Huawei Nexus 6P,unlocked huawei nexus 6p 64gb cell phone gold,http://www.target.com/p/unlocked-huawei-nexus-6p-64gb-cell-phone-gold/-/A-51372364&sa=D&ust=1473936289633000&usg=AFQjCNFE0hyP-oDW7Z_Pa1wK2EX3xB4ldw,Unlocked,64 GB,,Gold
1083,Huawei Nexus 6P,unlocked huawei nexus 6p 64gb cell phone aluminum,http://www.target.com/p/unlocked-huawei-nexus-6p-64gb-cell-phone-aluminum/-/A-51372363&sa=D&ust=1473936289633000&usg=AFQjCNH2km9NeRbbIXdFdiiQX21gf0ugzQ,Unlocked,64 GB,,
1083,Huawei Nexus 6P,unlocked huawei nexus 6p 32gb cell phone gold,http://www.target.com/p/unlocked-huawei-nexus-6p-32gb-cell-phone-gold/-/A-51372347&sa=D&ust=1473936289634000&usg=AFQjCNG7v29Ej_35wJY3HD5PYXQxqCGfBA,Unlocked,32 GB,,Gold
1083,Huawei Nexus 6P,unlocked huawei nexus 6p 32gb cell phone aluminum,http://www.target.com/p/unlocked-huawei-nexus-6p-32gb-cell-phone-aluminum/-/A-51372345&sa=D&ust=1473936289634000&usg=AFQjCNF8AE5KMn3-ceTG8kE1Ml9UFpWgbA,Unlocked,32 GB,,
1083,Huawei Nexus 6P,unlocked huawei nexus 6p 32gb cell phone graphite,http://www.target.com/p/unlocked-huawei-nexus-6p-32gb-cell-phone-graphite/-/A-51372344&sa=D&ust=1473936289635000&usg=AFQjCNF2OrtseJVQdVoyEjD8M1ey_BFqiQ,Unlocked,32 GB,,Graphite
1129,BlackBerry Priv,unlocked blackberry priv stv100 1 cell phone black,http://www.target.com/p/unlocked-blackberry-priv-stv100-1-cell-phone-black/-/A-51372120&sa=D&ust=1473936289642000&usg=AFQjCNFVNoHAZ_fN0WCcOjA_JzzdaI2eWg,Unlocked,,,Black
1162,HTC One A9,htc one a9 32gb unlocked phone,http://www.target.com/p/htc-one-a9-32gb-unlocked-phone/-/A-50887045&sa=D&ust=1473936289682000&usg=AFQjCNG4fkE5GbzzL7A7wGJPaIS0kohdGw,Unlocked,32 GB,,
1310,Samsung Galaxy J3,unlocked samsung galaxy j3 j320m cell phone white,http://www.target.com/p/unlocked-samsung-galaxy-j3-j320m-cell-phone-white/-/A-51372269&sa=D&ust=1473936289637000&usg=AFQjCNHhGaikOLtDZ96zR_sL0JuntyzYdA,Unlocked,,,White
1310,Samsung Galaxy J3,unlocked samsung galaxy j3 j320m cell phone black,http://www.target.com/p/unlocked-samsung-galaxy-j3-j320m-cell-phone-black/-/A-51372266&sa=D&ust=1473936289637000&usg=AFQjCNGnyqAb1gX6Ny9l-XGW__0Fg3g2Gw,Unlocked,,,Black
1317,Samsung Galaxy J1 4G,samsung galaxy j1 lte j120m duos gsm unlocked cell phone,http://www.target.com/p/samsung-galaxy-j1-lte-j120m-duos-gsm-unlocked-cell-phone/-/A-51086818&sa=D&ust=1473936289676000&usg=AFQjCNGQwHusUlRXg4QPJGWeapKvVWjvMw,Unlocked,,,
1396,Huawei Honor 5X,huawei honor 5x cell phone gray,http://www.target.com/p/huawei-honor-5x-cell-phone-gray/-/A-51372320&sa=D&ust=1473936289635000&usg=AFQjCNHeM8HnVlCRLkKwHdW7KKOn4BrBxA,Unlocked,,,Gray
1396,Huawei Honor 5X,huawei honor 5x cell phone gold,http://www.target.com/p/huawei-honor-5x-cell-phone-gold/-/A-51372316&sa=D&ust=1473936289636000&usg=AFQjCNEzUpCaFkLvj2oyVHcJnZ-3GrxqWg,Unlocked,,,Gold
1396,Huawei Honor 5X,huawei honor 5x cell phone silver,http://www.target.com/p/huawei-honor-5x-cell-phone-silver/-/A-51372311&sa=D&ust=1473936289636000&usg=AFQjCNFhhJr2Y1LbpXlZ6jkeXkfVvDnlZw,Unlocked,,,Silver
1469,Samsung Galaxy S7,unlocked samsung galaxy s7 4g lte with 32gb memory black onyx,http://www.target.com/p/unlocked-samsung-galaxy-s7-4g-lte-with-32gb-memory-black-onyx/-/A-51391428&sa=D&ust=1473936289627000&usg=AFQjCNEH6cJzzGMex8xsAYzpnXdoflKJ1Q,Unlocked,32 GB,,Black Onyx
1470,Samsung Galaxy S7 Edge,unlocked samsung galaxy s7 edge 4g lte with 32gb memory titanium,http://www.target.com/p/unlocked-samsung-galaxy-s7-edge-4g-lte-with-32gb-memory-titanium/-/A-51391434&sa=D&ust=1473936289626000&usg=AFQjCNF-9wzMij2nnWGv0SGM81sin8avsA,Unlocked,32 GB,,Titanium
1470,Samsung Galaxy S7 Edge,unlocked samsung galaxy s7 edge g930f 32gb gsm black,http://www.target.com/p/unlocked-samsung-galaxy-s7-edge-g930f-32gb-gsm-black/-/A-51032210&sa=D&ust=1473936289677000&usg=AFQjCNEUhgNKQwAIsG9b62xb-oXf_8gZcg,Unlocked,32 GB,,Black
1470,Samsung Galaxy S7 Edge,unlocked samsung galaxy s7 edge g935f 32gb gsm black,http://www.target.com/p/unlocked-samsung-galaxy-s7-edge-g935f-32gb-gsm-black/-/A-51032164&sa=D&ust=1473936289679000&usg=AFQjCNGVlwBmuhoCd1tVsvHP_8V91uIg0w,Unlocked,32 GB,,Black
1473,LG G5,unlocked lg g5 rs988 32gb cell phone silver,http://www.target.com/p/unlocked-lg-g5-rs988-32gb-cell-phone-silver/-/A-51372221&sa=D&ust=1473936289638000&usg=AFQjCNGf4jN1RwDfTeqIIEWg0ZStdKREFg,Unlocked,32 GB,,Silver
1473,LG G5,unlocked lg g5 rs988 32gb cell phone titan,http://www.target.com/p/unlocked-lg-g5-rs988-32gb-cell-phone-titan/-/A-51372218&sa=D&ust=1473936289639000&usg=AFQjCNGDshAREk3bDOsgkvqodfc6A8fC-Q,Unlocked,32 GB,,
1480,Sony Xperia XA,unlocked sony xperia xa f3113 16gb cell phone lime gold,http://www.target.com/p/unlocked-sony-xperia-xa-f3113-16gb-cell-phone-lime-gold/-/A-51327496&sa=D&ust=1473936289644000&usg=AFQjCNFf1EEeHl5C2A4DyRhubOZI8Ya7Dg,Unlocked,16 GB,,Gold
1480,Sony Xperia XA,unlocked sony xperia xa f3113 16gb cell phone graphite,http://www.target.com/p/unlocked-sony-xperia-xa-f3113-16gb-cell-phone-graphite/-/A-51327494&sa=D&ust=1473936289644000&usg=AFQjCNGdNHhR8cyvL-NCzeaqJdJWPg9C_Q,Unlocked,16 GB,,Graphite
1480,Sony Xperia XA,unlocked sony xperia xa f3113 16gb cell phone white,http://www.target.com/p/unlocked-sony-xperia-xa-f3113-16gb-cell-phone-white/-/A-51327490&sa=D&ust=1473936289645000&usg=AFQjCNFsRrOkP-U4i3eTLSNR032N9pzS2w,Unlocked,16 GB,,White
1480,Sony Xperia XA,unlocked sony xperia xa f3113 16gb cell phone rose gold,http://www.target.com/p/unlocked-sony-xperia-xa-f3113-16gb-cell-phone-rose-gold/-/A-51327489&sa=D&ust=1473936289645000&usg=AFQjCNFQnavv6pXCUVYeUosWR3Q7rdXjtQ,Unlocked,16 GB,,Gold
1481,Apple iPhone SE,apple iphone se 16gb gsm unlocked cell phone space gray,http://www.target.com/p/apple-iphone-se-16gb-gsm-unlocked-cell-phone-space-gray/-/A-51087271&sa=D&ust=1473936289674000&usg=AFQjCNEKQRFUWdL19RF0nPYCFPd-PYJGCg,Unlocked,16 GB,,Gray
1490,Sony Xperia X Performance,unlocked sony xperia x performance f8131 32gb cell phone rose white,http://www.target.com/p/unlocked-sony-xperia-x-performance-f8131-32gb-cell-phone-rose-white/-/A-51327423&sa=D&ust=1473936289646000&usg=AFQjCNEJNe7w6Ppa4rzPWBRWOzI2kbagCQ,Unlocked,32 GB,,White
1490,Sony Xperia X Performance,unlocked sony xperia x performance f8131 32gb cell phone rose gold,http://www.target.com/p/unlocked-sony-xperia-x-performance-f8131-32gb-cell-phone-rose-gold/-/A-51327422&sa=D&ust=1473936289646000&usg=AFQjCNFVTcQwo5H2iLQ4MKxaUVCjne0NpA,Unlocked,32 GB,,Gold
1490,Sony Xperia X Performance,unlocked sony xperia x performance f8131 32gb cell phone lime gold,http://www.target.com/p/unlocked-sony-xperia-x-performance-f8131-32gb-cell-phone-lime-gold/-/A-51327421&sa=D&ust=1473936289647000&usg=AFQjCNEqsZ8YWcg0H6HKICBGvYQjDKdFug,Unlocked,32 GB,,Gold
1490,Sony Xperia X Performance,unlocked sony xperia x performance f8131 32gb black cell phone,http://www.target.com/p/unlocked-sony-xperia-x-performance-f8131-32gb-black-cell-phone/-/A-51327420&sa=D&ust=1473936289647000&usg=AFQjCNFyf4mqK6EJe2shOT-HruAYhQ24wg,Unlocked,32 GB,,Black
1593,Sony Xperia XA Ultra,unlocked sony xperia xa ultra f3213 16gb white cell phone,http://www.target.com/p/unlocked-sony-xperia-xa-ultra-f3213-16gb-white-cell-phone/-/A-51327327&sa=D&ust=1473936289647000&usg=AFQjCNFTmVaoJhUIMF6TH4zH5U5vd35VUQ,Unlocked,16 GB,,White
1593,Sony Xperia XA Ultra,unlocked sony xperia xa ultra f3213 16gb cell phone lime gold,http://www.target.com/p/unlocked-sony-xperia-xa-ultra-f3213-16gb-cell-phone-lime-gold/-/A-51327325&sa=D&ust=1473936289648000&usg=AFQjCNH5AbgaZRL8D5nR3ZLLWdJiz7i_xw,Unlocked,16 GB,,Gold
1593,Sony Xperia XA Ultra,unlocked sony xperia xa ultra f3213 16gb cell phone black,http://www.target.com/p/unlocked-sony-xperia-xa-ultra-f3213-16gb-cell-phone-black/-/A-51327324&sa=D&ust=1473936289648000&usg=AFQjCNEBep0jQ_vwVyNlkDjw6ptAMpjFQw,Unlocked,16 GB,,Black
US11,Samsung Galaxy S3 Mini,samsung galaxy s3 mini g730a 8gb 4g lte factory unlocked gsm cell phone blue,http://www.target.com/p/samsung-galaxy-s3-mini-g730a-8gb-4g-lte-factory-unlocked-gsm-cell-phone-blue/-/A-16797418&sa=D&ust=1473936289702000&usg=AFQjCNGTanVn5mg9QR3rjM1de62LKUtR_A,Unlocked,8 GB,,Blue
